userId,pref_(no genres listed),pref_Action,pref_Adventure,pref_Animation,pref_Children,pref_Comedy,pref_Crime,pref_Documentary,pref_Drama,pref_Fantasy,pref_Film-Noir,pref_Horror,pref_IMAX,pref_Musical,pref_Mystery,pref_Romance,pref_Sci-Fi,pref_Thriller,pref_War,pref_Western
1,4.331606217616581,4.283783783783784,4.352112676056338,4.611111111111111,4.46875,4.27536231884058,4.282051282051282,4.331606217616581,4.483333333333333,4.222222222222222,4.331606217616581,3.357142857142857,4.331606217616581,4.5625,4.133333333333334,4.318181818181818,4.285714285714286,4.142857142857143,4.526315789473684,4.166666666666667
2,3.92,4.0,4.166666666666667,3.92,3.92,4.0,3.7777777777777777,4.333333333333333,3.8076923076923075,3.92,3.92,3.0,3.75,3.92,4.0,4.5,3.875,3.6666666666666665,4.5,3.92
3,2.5806451612903225,3.375,3.0,0.5,0.5,1.25,0.5,2.5806451612903225,0.8076923076923077,3.375,2.5806451612903225,4.6875,2.5806451612903225,2.5806451612903225,5.0,0.5,4.230769230769231,4.0,0.5,2.5806451612903225
4,3.4647058823529413,3.210526315789474,3.6923076923076925,4.0,3.8,3.425287356321839,3.6470588235294117,4.0,3.340659340659341,3.764705882352941,4.0,4.333333333333333,3.0,4.0,3.2222222222222223,3.25531914893617,2.7,3.357142857142857,3.5,3.5
5,3.6578947368421053,3.125,3.2,4.4,4.142857142857143,3.4615384615384617,4.0,3.6578947368421053,3.857142857142857,4.166666666666667,3.6578947368421053,3.0,4.0,4.4,4.0,3.090909090909091,2.5,3.5555555555555554,3.3333333333333335,3.0
6,3.467479674796748,3.5272727272727273,3.864864864864865,4.25,3.6944444444444446,3.326923076923077,3.1379310344827585,3.467479674796748,3.594059405940594,3.5714285714285716,2.0,3.1875,5.0,4.4,3.6666666666666665,3.6507936507936507,3.3333333333333335,3.5098039215686274,3.6,3.5
7,3.211206896551724,3.282608695652174,3.371794871794872,3.392857142857143,3.142857142857143,3.026315789473684,3.210526315789474,3.211206896551724,3.108695652173913,2.9210526315789473,3.25,4.0,2.4285714285714284,3.642857142857143,3.0833333333333335,2.4130434782608696,3.326923076923077,3.2419354838709675,3.4444444444444446,3.211206896551724
8,3.6944444444444446,3.3333333333333335,3.888888888888889,5.0,4.25,3.25,4.0,3.6944444444444446,3.8823529411764706,3.25,3.6944444444444446,4.5,4.5,5.0,4.0,3.4285714285714284,3.3333333333333335,3.7857142857142856,4.0,5.0
9,3.35,3.142857142857143,3.888888888888889,4.0,4.0,3.6666666666666665,3.142857142857143,3.35,3.5,5.0,3.35,1.6666666666666667,3.35,3.0,4.0,3.0,3.1666666666666665,2.5555555555555554,3.5,4.0
10,3.161764705882353,3.263157894736842,3.4545454545454546,3.8846153846153846,3.576923076923077,3.1785714285714284,2.888888888888889,3.161764705882353,3.08,3.3076923076923075,3.161764705882353,1.75,3.28125,3.2857142857142856,1.75,3.2410714285714284,2.0,2.611111111111111,3.8333333333333335,3.161764705882353
11,3.7962962962962963,3.5405405405405403,3.5714285714285716,3.7962962962962963,3.7962962962962963,3.3636363636363638,3.6666666666666665,3.7962962962962963,4.2,2.0,3.7962962962962963,5.0,5.0,3.7962962962962963,4.5,4.333333333333333,3.4444444444444446,3.72,4.5,4.0
12,4.38,4.0,3.0,3.0,4.38,4.3076923076923075,3.0,4.38,4.5,4.5,4.38,4.38,4.38,4.38,4.38,4.633333333333334,4.5,4.25,4.5,4.38
13,3.8095238095238093,4.222222222222222,4.5,3.8095238095238093,3.8095238095238093,3.2857142857142856,3.0,3.8095238095238093,3.727272727272727,3.0,3.8095238095238093,4.0,3.8095238095238093,3.8095238095238093,4.5,3.8,4.25,3.7142857142857144,4.0,3.8095238095238093
14,3.3513513513513513,3.3333333333333335,3.4285714285714284,3.3513513513513513,3.0,2.4615384615384617,2.6,3.3513513513513513,3.7142857142857144,1.0,3.3513513513513513,4.0,4.0,4.0,5.0,3.5,3.0,3.4444444444444446,4.25,4.333333333333333
15,3.420353982300885,3.2244897959183674,3.392156862745098,2.9523809523809526,2.763157894736842,3.3043478260869565,3.6666666666666665,3.420353982300885,3.7142857142857144,2.90625,3.420353982300885,3.7222222222222223,3.3,2.625,3.4166666666666665,3.85,3.5943396226415096,3.3947368421052633,3.5,2.5
16,3.74375,3.6052631578947367,3.875,4.055555555555555,4.0,3.7857142857142856,3.7777777777777777,4.0,3.7125,3.909090909090909,4.0,3.625,4.125,3.74375,3.727272727272727,3.625,3.625,3.8181818181818183,3.6818181818181817,3.74375
17,4.252873563218391,4.265625,4.290322580645161,4.357142857142857,4.0,4.194444444444445,4.3125,3.5,4.282051282051282,4.416666666666667,4.0,4.166666666666667,4.1,3.75,4.0,4.0,4.416666666666667,4.304347826086956,4.444444444444445,4.25
18,3.717548076923077,3.588757396449704,3.6271929824561404,3.82,3.5925925925925926,3.484375,3.924778761061947,3.9444444444444446,3.8685714285714288,3.619565217391304,3.9166666666666665,3.1538461538461537,3.6551724137931036,3.6666666666666665,4.0,3.7027027027027026,3.623529411764706,3.7962962962962963,3.9,4.1
19,2.615664845173042,2.690265486725664,2.84251968503937,3.0555555555555554,2.7674418604651163,2.6587030716723548,2.9655172413793105,2.615664845173042,2.656,2.864864864864865,3.375,2.255813953488372,3.0,2.8461538461538463,3.019607843137255,2.7115384615384617,2.6020408163265305,2.5256410256410255,3.0,2.7142857142857144
20,3.547872340425532,2.6710526315789473,3.455223880597015,4.233333333333333,3.8963414634146343,3.6149425287356323,3.159090909090909,3.75,3.7363636363636363,3.8157894736842106,1.5,3.0,4.666666666666667,4.4743589743589745,3.1923076923076925,3.9558823529411766,3.0,2.5892857142857144,3.5,1.5
21,3.2891737891737893,3.46978021978022,3.65625,3.234042553191489,3.2653061224489797,3.2579617834394905,3.146551724137931,3.2891737891737893,3.0342465753424657,3.0925925925925926,4.0,1.7727272727272727,3.588235294117647,3.2083333333333335,3.375,3.2830188679245285,3.54375,3.547872340425532,3.5,4.0
22,2.625,2.8,2.55,2.727272727272727,2.75,2.515625,2.6346153846153846,2.0,2.598360655737705,2.0,4.5,2.7,2.0,4.5,2.4583333333333335,1.8823529411764706,1.9583333333333333,2.8035714285714284,2.625,4.0
23,3.6197916666666665,3.4782608695652173,3.3,3.6666666666666665,3.5,3.3055555555555554,3.65625,3.5,3.635593220338983,3.75,3.9444444444444446,3.5,3.0,3.6197916666666665,4.078947368421052,3.3333333333333335,3.9285714285714284,3.736111111111111,3.5,3.5
24,3.652173913043478,3.6354166666666665,3.6481481481481484,4.0,4.0,3.5697674418604652,3.9,3.652173913043478,3.7567567567567566,3.5454545454545454,3.652173913043478,3.3333333333333335,3.888888888888889,3.5,3.75,3.56,3.642857142857143,3.6481481481481484,3.7142857142857144,3.652173913043478
25,4.761904761904762,4.791666666666667,4.708333333333333,4.5,4.5,4.5,5.0,4.761904761904762,4.944444444444445,5.0,4.761904761904762,4.761904761904762,5.0,4.761904761904762,4.75,4.761904761904762,4.642857142857143,4.875,5.0,4.761904761904762
26,3.2777777777777777,3.0,2.6666666666666665,3.2777777777777777,3.0,3.25,3.5714285714285716,3.2777777777777777,3.3333333333333335,3.2777777777777777,3.2777777777777777,4.0,3.0,3.2777777777777777,4.0,3.0,2.0,3.5,3.0,3.2777777777777777
27,3.6226415094339623,3.764705882352941,3.872340425531915,3.4285714285714284,3.2972972972972974,3.341463414634146,2.75,3.6226415094339623,3.8684210526315788,3.5714285714285716,4.0,2.0,4.0,4.1,4.0,4.111111111111111,3.5555555555555554,3.272727272727273,3.75,4.0
28,3.049559471365639,3.1024844720496896,3.145,3.4,3.125,2.8013698630136985,3.0405405405405403,3.25,3.0415162454873648,3.108695652173913,3.0,2.739130434782609,3.75,3.375,2.9148936170212765,2.933333333333333,3.188073394495413,2.9779874213836477,3.3780487804878048,3.2941176470588234
29,4.131944444444445,3.94,4.083333333333333,3.5,4.25,3.65,4.033333333333333,4.25,4.1976744186046515,3.875,5.0,4.5,4.125,3.1666666666666665,4.357142857142857,4.625,4.117647058823529,3.975,4.2631578947368425,4.5
30,4.724137931034483,4.681818181818182,4.785714285714286,4.5,4.5,4.5,4.857142857142857,4.724137931034483,5.0,4.666666666666667,4.724137931034483,3.0,5.0,4.724137931034483,5.0,5.0,4.615384615384615,4.375,5.0,4.724137931034483
31,4.046511627906977,4.428571428571429,4.0,3.75,4.4,4.0,3.3333333333333335,5.0,3.7857142857142856,4.428571428571429,4.046511627906977,4.046511627906977,4.046511627906977,4.5,5.0,4.0,4.166666666666667,4.454545454545454,5.0,4.046511627906977
32,3.7954545454545454,3.72,3.6470588235294117,3.0,3.5,3.75,4.133333333333334,4.0,4.051282051282051,3.5833333333333335,3.7954545454545454,3.3333333333333335,3.7954545454545454,4.0,3.3333333333333335,3.75,3.5555555555555554,3.6785714285714284,3.5,3.0
33,3.7338709677419355,3.8,4.142857142857143,4.333333333333333,4.2,3.760869565217391,3.65,3.7338709677419355,3.75,3.75,3.7338709677419355,4.0,3.7338709677419355,4.0,3.5714285714285716,3.7954545454545454,4.333333333333333,3.4347826086956523,3.8333333333333335,4.0
34,3.458904109589041,3.772727272727273,3.977272727272727,3.5833333333333335,2.75,3.303030303030303,3.7777777777777777,2.0,3.1666666666666665,3.4545454545454546,3.458904109589041,3.4285714285714284,3.1666666666666665,3.458904109589041,2.9,3.0833333333333335,3.4761904761904763,3.772727272727273,2.1,3.0
35,4.15,4.0,4.2,3.0,4.0,3.888888888888889,4.666666666666667,4.15,4.5,4.0,4.15,4.15,4.0,3.0,4.15,3.7142857142857144,3.0,4.666666666666667,4.15,5.0
36,2.6666666666666665,2.588235294117647,2.8181818181818183,2.6666666666666665,1.75,2.3055555555555554,2.9285714285714284,2.6666666666666665,2.659090909090909,2.0,3.25,2.6666666666666665,2.6666666666666665,1.5,2.9375,2.3181818181818183,2.375,2.909090909090909,3.0,2.0
37,4.055555555555555,3.7142857142857144,3.5714285714285716,3.0,3.0,3.8,4.142857142857143,4.055555555555555,4.125,3.0,4.055555555555555,5.0,5.0,3.0,4.055555555555555,3.0,4.0,4.111111111111111,4.0,4.0
38,3.15625,2.875,2.75,3.0,3.0,3.2580645161290325,3.25,5.0,3.2666666666666666,3.0,3.15625,2.0,3.3333333333333335,3.0,4.5,3.1153846153846154,2.4,3.076923076923077,3.6666666666666665,2.0
39,4.0625,4.25,3.9166666666666665,3.3,3.111111111111111,4.0,4.5,4.0625,4.166666666666667,4.0,5.0,4.6,4.0,3.1666666666666665,4.0,3.4444444444444446,4.125,4.4,4.0,4.0
40,3.752808988764045,3.5714285714285716,3.526315789473684,3.857142857142857,3.8125,3.4857142857142858,4.090909090909091,3.752808988764045,4.255813953488372,3.7,3.752808988764045,2.6666666666666665,4.333333333333333,3.6666666666666665,5.0,3.7,3.0,3.9166666666666665,4.0,4.0
41,3.2937853107344632,2.5714285714285716,2.9038461538461537,3.6363636363636362,3.5714285714285716,3.401315789473684,3.460526315789474,1.5,3.438679245283019,2.71875,4.25,3.1,1.6,3.75,3.388888888888889,3.323529411764706,2.34375,3.372093023255814,2.923076923076923,4.0
42,3.541547277936963,3.3714285714285714,3.4642857142857144,3.6666666666666665,2.888888888888889,3.394904458598726,3.7037037037037037,4.333333333333333,3.786764705882353,3.6666666666666665,2.0,2.8,4.5,3.8,3.9583333333333335,3.638888888888889,3.324324324324324,3.5346534653465347,3.5833333333333335,4.0
43,4.616279069767442,4.454545454545454,4.7407407407407405,5.0,4.961538461538462,4.647058823529412,4.333333333333333,4.616279069767442,4.413793103448276,4.916666666666667,4.616279069767442,4.75,5.0,5.0,4.333333333333333,4.631578947368421,4.8,4.25,4.0,4.0
44,3.5,3.466666666666667,3.25,2.6666666666666665,2.0,3.6875,4.333333333333333,3.5,4.0,2.0,3.5,3.0,3.5,3.0,3.0,3.7142857142857144,3.0,3.0833333333333335,3.5,3.5
45,3.910094637223975,4.011494252873563,3.9819277108433737,4.410714285714286,3.8854166666666665,3.7701149425287355,4.17948717948718,4.0,4.057291666666667,3.7375,3.910094637223975,3.875,4.6,4.296296296296297,4.107142857142857,4.027777777777778,3.6475409836065573,3.9393939393939394,4.461538461538462,3.6666666666666665
46,4.0588235294117645,4.0,4.2727272727272725,5.0,5.0,4.0,4.0,4.0588235294117645,4.083333333333333,5.0,4.0588235294117645,4.0,5.0,5.0,4.333333333333333,4.5,4.0,4.076923076923077,4.0,4.333333333333333
47,3.018867924528302,2.642857142857143,2.75,3.018867924528302,3.0,2.36,3.066666666666667,3.25,3.2134146341463414,2.4166666666666665,3.018867924528302,2.0833333333333335,2.75,2.6,3.0,2.6578947368421053,3.111111111111111,2.8333333333333335,3.0,3.018867924528302
48,3.9655172413793105,3.9166666666666665,4.041666666666667,4.375,4.375,4.083333333333333,4.25,3.9655172413793105,4.0,4.5,3.9655172413793105,4.5,4.25,4.25,4.5,4.0,4.071428571428571,3.8846153846153846,3.9655172413793105,3.9655172413793105
49,4.214285714285714,4.333333333333333,4.0,4.0,4.0,4.0,4.25,4.214285714285714,4.285714285714286,4.214285714285714,4.214285714285714,4.0,4.25,4.214285714285714,4.5,4.0,4.3,4.333333333333333,4.25,4.214285714285714
50,2.75,2.5,2.4166666666666665,2.642857142857143,2.235294117647059,2.652173913043478,3.0,3.1818181818181817,3.0637254901960786,2.8513513513513513,3.5,2.7142857142857144,2.1538461538461537,2.375,3.2,2.7115384615384617,2.5952380952380953,2.880434782608696,3.5,3.125
51,3.814625850340136,3.554054054054054,3.6724137931034484,3.269230769230769,3.18,3.8333333333333335,3.8214285714285716,5.0,3.984848484848485,3.9558823529411766,4.166666666666667,3.8658536585365852,3.8,3.607142857142857,3.7333333333333334,3.9310344827586206,3.80188679245283,3.5933333333333333,4.2727272727272725,4.166666666666667
52,4.538095238095238,4.598360655737705,4.647058823529412,4.590909090909091,4.6,4.419354838709677,4.655172413793103,4.5,4.53125,4.6,4.538095238095238,4.6,4.636363636363637,5.0,4.722222222222222,4.4,4.608695652173913,4.644736842105263,4.666666666666667,5.0
53,5.0,5.0,5.0,5.0,5.0,5.0,5.0,5.0,5.0,5.0,5.0,5.0,5.0,5.0,5.0,5.0,5.0,5.0,5.0,5.0
54,3.066666666666667,3.0,3.0,3.0,2.8,3.0,3.2857142857142856,3.066666666666667,3.1538461538461537,3.0,3.066666666666667,4.0,3.0,3.0,3.0,3.25,3.0,3.076923076923077,3.3333333333333335,3.0
55,2.857142857142857,2.6666666666666665,2.625,0.5,1.25,2.5555555555555554,4.1875,2.857142857142857,3.0,1.75,2.857142857142857,2.857142857142857,2.857142857142857,2.857142857142857,3.5,0.5,1.3333333333333333,3.7857142857142856,2.25,2.857142857142857
56,3.696969696969697,3.4375,3.625,5.0,5.0,3.888888888888889,3.5833333333333335,3.696969696969697,3.8461538461538463,4.0,3.696969696969697,3.6666666666666665,5.0,5.0,4.0,4.0,3.2857142857142856,3.6666666666666665,4.0,3.696969696969697
57,3.4073107049608353,3.213235294117647,3.3714285714285714,3.56,3.1944444444444446,3.375757575757576,3.4482758620689653,4.0,3.6344827586206896,3.4054054054054053,4.166666666666667,2.857142857142857,3.75,3.7083333333333335,3.7333333333333334,3.5185185185185186,3.1333333333333333,3.1844660194174756,4.161290322580645,3.533333333333333
58,3.975609756097561,3.9047619047619047,4.0,4.4,4.571428571428571,3.9393939393939394,3.6153846153846154,3.975609756097561,4.057142857142857,4.0,3.975609756097561,2.3333333333333335,4.333333333333333,4.428571428571429,4.4,4.115384615384615,3.5714285714285716,4.111111111111111,4.0,3.0
59,4.333333333333333,3.925925925925926,3.789473684210526,4.0,4.0,4.05,4.4,4.0,4.660377358490566,3.5714285714285716,4.6,5.0,4.333333333333333,4.333333333333333,4.642857142857143,4.6,3.9,4.333333333333333,4.684210526315789,4.333333333333333
60,3.6470588235294117,4.0,3.5,3.5,3.4,3.0,3.6666666666666665,3.6470588235294117,3.769230769230769,3.0,3.6470588235294117,3.6470588235294117,3.6470588235294117,3.5,4.0,3.4,3.6470588235294117,3.75,4.0,3.6470588235294117
61,4.0,3.6666666666666665,4.5,4.0,4.0,3.875,4.166666666666667,4.0,4.2272727272727275,3.5,4.0,4.125,4.0,4.0,4.375,3.125,3.9375,4.166666666666667,4.25,4.25
62,5.0,3.923076923076923,3.9045454545454548,3.35,3.6666666666666665,3.8333333333333335,4.459183673469388,4.0576923076923075,4.3,3.8454545454545452,4.0576923076923075,4.033333333333333,3.95,3.3,4.2,3.763157894736842,3.9055555555555554,4.139240506329114,4.1923076923076925,4.5
63,3.665909090909091,3.568421052631579,3.5277777777777777,4.339285714285714,3.82,3.896551724137931,3.704081632653061,4.357142857142857,3.6265822784810124,3.6774193548387095,4.4,3.2142857142857144,3.2333333333333334,4.333333333333333,3.8529411764705883,3.6296296296296298,3.4183673469387754,3.5,3.533333333333333,4.0
64,3.7666666666666666,3.710526315789474,3.7972972972972974,3.7916666666666665,3.730769230769231,3.630813953488372,3.8875,4.2,3.9215686274509802,3.8448275862068964,4.0,3.731707317073171,3.6666666666666665,3.739130434782609,3.6847826086956523,3.727272727272727,3.5,3.6875,4.357142857142857,4.125
65,3.9827586206896552,3.892857142857143,3.5833333333333335,3.9827586206896552,3.9827586206896552,3.75,4.2,3.9827586206896552,4.095238095238095,3.6666666666666665,3.9827586206896552,3.9827586206896552,4.3,3.9827586206896552,4.25,3.75,4.0,4.045454545454546,3.7,3.9827586206896552
66,4.064814814814815,3.863095238095238,3.881818181818182,4.166666666666667,4.125,3.958715596330275,4.081632653061225,4.064814814814815,4.225409836065574,4.064516129032258,4.875,4.235294117647059,5.0,4.0,4.217391304347826,4.306818181818182,3.8157894736842106,3.976923076923077,4.416666666666667,4.5
67,3.9833333333333334,4.2,3.75,3.9,3.9,4.323529411764706,4.071428571428571,3.9833333333333334,4.1,3.3,3.9833333333333334,3.9833333333333334,4.0,3.9833333333333334,3.5,3.875,4.0,4.0,4.333333333333333,3.75
68,3.2245098039215687,3.3226299694189603,3.391025641025641,3.389705882352941,3.152173913043478,3.172941176470588,3.2229299363057327,3.7115384615384617,3.19746835443038,3.2851239669421486,3.8333333333333335,2.827777777777778,3.9204545454545454,3.0104166666666665,3.119047619047619,3.3148936170212764,3.203030303030303,3.1958955223880596,3.2906976744186047,3.425
69,4.4,4.428571428571429,4.666666666666667,4.4,4.4,4.666666666666667,4.5,4.4,4.461538461538462,5.0,4.0,3.75,4.4,4.4,4.5,4.333333333333333,4.5,4.0,4.0,5.0
70,4.321428571428571,3.3333333333333335,4.3,4.0,4.5,4.2,4.6,4.5,4.430555555555555,4.5,4.321428571428571,4.5,4.0,4.321428571428571,4.321428571428571,4.45,4.0,2.75,4.125,4.0
71,3.4761904761904763,4.0,3.875,3.4761904761904763,3.3333333333333335,3.2,3.2,3.4761904761904763,2.0,3.6666666666666665,3.4761904761904763,3.4761904761904763,3.4761904761904763,3.0,3.4761904761904763,3.6,3.6666666666666665,3.8,4.0,3.4761904761904763
72,4.202702702702703,4.2,4.222222222222222,4.202702702702703,4.202702702702703,4.0,4.5,4.202702702702703,4.166666666666667,4.202702702702703,4.202702702702703,4.333333333333333,4.25,4.202702702702703,4.375,4.083333333333333,4.4375,4.214285714285714,4.333333333333333,4.0
73,3.7333333333333334,4.122641509433962,3.9019607843137254,3.55,3.325,3.546875,4.083333333333333,3.7333333333333334,3.847457627118644,3.8055555555555554,3.7333333333333334,3.75,4.075,3.1,4.4,3.375,3.7413793103448274,4.12962962962963,4.833333333333333,5.0
74,4.298561151079137,4.083333333333333,4.277777777777778,4.298561151079137,4.298561151079137,4.545454545454546,4.362068965517241,5.0,4.294354838709677,4.666666666666667,4.833333333333333,3.75,4.298561151079137,4.0,4.346153846153846,4.261904761904762,3.8333333333333335,4.294871794871795,4.0,4.25
75,3.3220338983050848,3.306451612903226,3.4047619047619047,4.333333333333333,4.333333333333333,4.3,3.1666666666666665,3.3220338983050848,3.0952380952380953,3.3125,3.3220338983050848,3.5,4.5,4.5,2.9642857142857144,3.15,3.173076923076923,3.1956521739130435,2.8333333333333335,5.0
76,2.9838709677419355,3.173076923076923,2.2916666666666665,0.5625,0.7916666666666666,2.2666666666666666,3.574074074074074,3.5,3.207317073170732,1.6785714285714286,2.9838709677419355,4.0,3.2,0.8333333333333334,3.6666666666666665,1.8333333333333333,3.2941176470588234,3.6296296296296298,2.8333333333333335,2.8
77,3.9285714285714284,4.230769230769231,5.0,5.0,5.0,4.0,3.5,3.9285714285714284,3.4375,5.0,3.9285714285714284,3.9285714285714284,4.125,3.9285714285714284,2.125,3.5,3.6875,2.25,3.9285714285714284,3.9285714285714284
78,3.201923076923077,3.44,3.1842105263157894,2.25,2.5,3.04,3.5,3.201923076923077,2.8333333333333335,2.5,3.201923076923077,2.5,4.0,1.5,2.0,3.375,3.125,3.236842105263158,3.0,2.0
79,4.295454545454546,4.333333333333333,4.357142857142857,4.295454545454546,4.295454545454546,4.111111111111111,4.857142857142857,4.25,4.235294117647059,4.0,5.0,4.25,4.295454545454546,4.666666666666667,4.5,5.0,4.25,4.294117647058823,4.0,4.295454545454546
80,4.2362204724409445,4.336363636363636,4.1923076923076925,4.2362204724409445,4.0,3.8,4.433333333333334,4.2362204724409445,4.226415094339623,4.35,4.0,4.131578947368421,4.384615384615385,4.2362204724409445,4.464285714285714,4.333333333333333,4.166666666666667,4.263736263736264,4.0,4.2362204724409445
81,2.6842105263157894,2.75,2.5,2.0,2.0,2.0,3.0,2.6842105263157894,2.857142857142857,2.6842105263157894,2.6842105263157894,2.6842105263157894,2.5,2.0,4.0,2.0,3.6,3.125,2.6666666666666665,2.6842105263157894
82,3.420765027322404,3.5815217391304346,3.353846153846154,3.0416666666666665,2.6315789473684212,3.5,3.5125,3.0,3.3947368421052633,3.2954545454545454,1.0,3.4444444444444446,3.5,3.2,3.111111111111111,3.5,3.5172413793103448,3.31,3.9,3.75
83,3.377659574468085,3.1176470588235294,3.425925925925926,3.9285714285714284,3.5,3.238095238095238,3.269230769230769,3.377659574468085,3.692982456140351,3.1666666666666665,3.377659574468085,2.5,3.6666666666666665,4.333333333333333,3.3333333333333335,3.7333333333333334,3.5277777777777777,3.159090909090909,3.425,3.377659574468085
84,3.7296137339055795,3.6206896551724137,3.5454545454545454,3.0,3.272727272727273,3.5376344086021505,3.7037037037037037,3.75,3.9448818897637796,3.5454545454545454,3.5,3.6666666666666665,5.0,3.727272727272727,3.9166666666666665,3.72972972972973,3.3076923076923075,3.55,4.461538461538462,4.0
85,3.8846153846153846,3.8846153846153846,5.0,3.8846153846153846,5.0,3.3333333333333335,2.0,3.8846153846153846,3.9583333333333335,5.0,3.8846153846153846,3.8846153846153846,3.8846153846153846,3.8846153846153846,3.6666666666666665,4.25,3.0,3.0,4.5,3.8846153846153846
86,3.9,3.739130434782609,3.8333333333333335,4.15,4.166666666666667,4.05,4.0625,3.9,3.9210526315789473,3.892857142857143,3.9,4.0,3.6,4.0,4.2,3.8181818181818183,3.9285714285714284,3.8823529411764706,3.1,4.0
87,4.029411764705882,3.0,4.125,5.0,4.0,4.222222222222222,4.029411764705882,4.029411764705882,4.071428571428571,4.5,4.029411764705882,3.5,4.029411764705882,4.029411764705882,4.0,4.25,3.5833333333333335,3.75,4.029411764705882,4.029411764705882
88,4.09375,4.166666666666667,4.5,4.09375,0.5,3.4545454545454546,4.5625,4.09375,4.148148148148148,4.625,4.09375,4.5,4.75,4.09375,4.222222222222222,3.0,3.6666666666666665,4.342105263157895,4.25,4.0
89,3.0,3.3444444444444446,3.433333333333333,3.948717948717949,3.8395061728395063,3.4893048128342246,3.235294117647059,4.5,3.4302325581395348,3.3404255319148937,3.4987775061124693,4.2592592592592595,4.0,3.2142857142857144,3.607142857142857,3.1511627906976742,3.3392857142857144,3.7,3.5714285714285716,4.25
90,4.108695652173913,4.0,3.75,3.0,3.0,4.052631578947368,4.4,4.333333333333333,4.285714285714286,3.0,4.108695652173913,4.0,4.108695652173913,4.5,4.0,4.235294117647059,4.0,4.0,4.0,4.108695652173913
91,3.392703862660944,3.5705521472392636,3.5904761904761906,4.0,3.357142857142857,3.065625,3.4759036144578315,3.5,3.31875,3.9183673469387754,3.5,3.8223684210526314,3.625,3.026315789473684,3.763888888888889,3.029850746268657,3.68,3.684049079754601,3.1944444444444446,3.46875
92,3.973684210526316,3.5,4.0,4.0,4.142857142857143,4.25,3.0,3.973684210526316,3.8333333333333335,4.666666666666667,3.973684210526316,4.0,4.5,4.75,4.0,4.25,4.0,3.5,4.25,3.973684210526316
93,4.293333333333333,4.3076923076923075,4.190476190476191,3.75,4.0,4.137931034482759,4.5,4.293333333333333,4.6,4.25,4.293333333333333,4.333333333333333,5.0,4.0,4.5,4.470588235294118,4.470588235294118,4.35,5.0,3.5
94,3.127659574468085,3.0625,3.3333333333333335,4.0,3.75,2.6666666666666665,3.2222222222222223,3.127659574468085,3.5555555555555554,2.8333333333333335,3.127659574468085,3.0,4.0,4.0,4.0,2.375,3.3333333333333335,3.2941176470588234,3.75,3.3333333333333335
95,4.053191489361702,4.104166666666667,4.119047619047619,4.7,4.25,3.8823529411764706,4.129032258064516,4.0,4.258620689655173,4.0,4.0,2.75,4.0,3.6666666666666665,4.3,4.185185185185185,4.260869565217392,4.0875,4.0,4.053191489361702
96,3.84375,3.8333333333333335,3.8181818181818183,5.0,3.6666666666666665,3.888888888888889,4.5,3.84375,3.84,3.4285714285714284,5.0,4.666666666666667,5.0,4.0,4.8,3.3333333333333335,3.8125,3.888888888888889,4.0,4.0
97,4.178571428571429,4.166666666666667,4.4,5.0,5.0,4.125,4.5,4.178571428571429,3.7777777777777777,5.0,4.178571428571429,5.0,4.0,4.178571428571429,4.178571428571429,4.4,4.333333333333333,4.444444444444445,3.75,4.178571428571429
98,3.930379746835443,3.652173913043478,3.4814814814814814,3.888888888888889,3.7941176470588234,4.016129032258065,4.3,3.930379746835443,3.890625,3.466666666666667,3.930379746835443,4.2727272727272725,3.2916666666666665,3.7857142857142856,4.75,4.0,3.727272727272727,4.038461538461538,4.666666666666667,3.930379746835443
99,3.7435897435897436,3.6,3.7142857142857144,5.0,5.0,3.9411764705882355,4.142857142857143,3.7435897435897436,4.181818181818182,3.7435897435897436,3.7435897435897436,3.3333333333333335,3.7435897435897436,5.0,3.6666666666666665,4.75,2.4,3.8461538461538463,3.5,4.333333333333333
100,3.9411764705882355,4.0227272727272725,4.071428571428571,3.0,4.0,3.955223880597015,4.090909090909091,3.9411764705882355,3.966666666666667,4.0,3.9411764705882355,2.4,4.5,4.1875,3.75,4.068965517241379,3.5714285714285716,3.5588235294117645,4.0,4.375
101,3.6739130434782608,3.4545454545454546,3.142857142857143,4.0,4.0,3.5625,4.166666666666667,3.6739130434782608,4.1,4.5,3.6739130434782608,3.6,3.6739130434782608,4.0,4.0,3.0,3.8,3.5833333333333335,3.6739130434782608,3.6739130434782608
102,3.341463414634146,3.176470588235294,3.090909090909091,4.0,4.0,3.526315789473684,3.4166666666666665,3.341463414634146,3.6153846153846154,3.341463414634146,3.341463414634146,4.0,3.5,4.0,3.0,3.2,2.8333333333333335,3.2941176470588234,5.0,3.0
103,3.9233333333333333,3.7071428571428573,3.561797752808989,3.7142857142857144,3.6319444444444446,3.83739837398374,4.4245283018867925,3.5,4.152777777777778,3.6982758620689653,4.666666666666667,3.409090909090909,3.2857142857142856,3.8863636363636362,3.736842105263158,3.875,3.5714285714285716,4.083333333333333,4.055555555555555,4.428571428571429
104,3.510917030567686,3.0930232558139537,3.522727272727273,3.8714285714285714,3.75,3.5827814569536423,3.5833333333333335,3.510917030567686,3.58955223880597,3.6710526315789473,4.5,2.375,3.8461538461538463,3.75,3.5,3.74375,3.2884615384615383,3.239130434782609,3.1666666666666665,2.5
105,4.833333333333333,3.943548387096774,3.9601769911504423,4.295454545454546,4.092592592592593,4.028350515463917,4.231132075471698,4.473684210526316,4.142857142857143,4.007692307692308,4.1,4.043478260869565,3.98,3.923076923076923,4.285714285714286,3.9895833333333335,3.9722222222222223,4.080357142857143,4.096774193548387,3.9166666666666665
106,4.410714285714286,4.323529411764706,4.333333333333333,4.25,4.1,4.666666666666667,5.0,4.410714285714286,4.5625,4.411764705882353,4.410714285714286,3.5,4.642857142857143,4.410714285714286,5.0,4.410714285714286,3.875,4.1,4.410714285714286,4.410714285714286
107,3.9285714285714284,3.75,3.7777777777777777,4.0,3.5,3.6666666666666665,3.6666666666666665,3.9285714285714284,4.25,3.6666666666666665,3.9285714285714284,4.0,5.0,3.9285714285714284,4.0,4.25,3.5,3.7142857142857144,4.5,5.0
108,4.064516129032258,3.5555555555555554,4.125,3.5,3.5,4.2727272727272725,4.6,4.064516129032258,4.3,3.0,4.064516129032258,2.0,3.0,5.0,4.75,4.0344827586206895,4.181818181818182,3.8,3.5,5.0
109,3.17,3.217391304347826,2.9375,3.0,3.0,3.0,3.466666666666667,3.0,3.3461538461538463,2.875,3.0,3.0,3.0,3.1666666666666665,4.0,3.4,2.888888888888889,3.3076923076923075,3.8333333333333335,3.4
110,3.7790697674418605,3.4166666666666665,3.7,3.7790697674418605,3.0,4.033333333333333,4.0,3.7790697674418605,3.9285714285714284,3.7790697674418605,3.7790697674418605,2.25,3.7790697674418605,3.7790697674418605,3.8333333333333335,3.75,2.75,3.6538461538461537,3.9166666666666665,3.7790697674418605
111,3.0,3.4464285714285716,3.2710843373493974,3.1770833333333335,3.32,3.413563829787234,3.5714285714285716,4.3125,3.3254716981132075,3.1864406779661016,3.3336501901140685,1.9714285714285715,3.02,3.3333333333333335,2.870967741935484,3.28125,2.975609756097561,2.82183908045977,4.333333333333333,3.375
112,3.5660377358490565,4.020833333333333,3.861111111111111,3.5,2.5,2.590909090909091,3.9545454545454546,3.5660377358490565,3.625,3.5833333333333335,3.5660377358490565,4.0,4.5,3.5,4.6,2.2142857142857144,4.033333333333333,3.638888888888889,3.6,4.0
113,3.658119658119658,3.0,4.5,4.0,4.375,3.5306122448979593,3.75,3.658119658119658,3.8,3.7142857142857144,4.5,3.0,3.658119658119658,4.5,3.7058823529411766,3.8253968253968256,3.0,3.48,4.6,3.658119658119658
114,3.4423076923076925,3.3,3.3157894736842106,3.1,3.25,3.4444444444444446,3.5,3.4423076923076925,3.5833333333333335,3.3636363636363638,3.4423076923076925,4.0,3.1875,3.5,2.25,3.0,3.357142857142857,3.6,3.4423076923076925,3.4423076923076925
115,3.8247422680412373,3.8421052631578947,3.838709677419355,4.1,4.0,3.739130434782609,3.8333333333333335,3.8247422680412373,3.8181818181818183,3.5833333333333335,4.0,3.823529411764706,4.0,4.333333333333333,4.1,3.111111111111111,3.9444444444444446,3.892857142857143,4.0,4.230769230769231
116,3.4276315789473686,3.98,3.7222222222222223,3.5,3.2,3.462962962962963,3.15,3.4276315789473686,3.032258064516129,3.375,3.4276315789473686,3.2142857142857144,1.0,3.6,3.8,3.480769230769231,3.5454545454545454,3.5833333333333335,2.5833333333333335,4.5
117,3.351145038167939,3.1315789473684212,3.2222222222222223,3.6923076923076925,3.5714285714285716,3.3333333333333335,3.210526315789474,3.351145038167939,3.526315789473684,3.3529411764705883,3.351145038167939,3.75,4.0,3.769230769230769,3.0,3.515151515151515,3.1666666666666665,3.1944444444444446,3.875,3.75
118,3.789473684210526,3.3333333333333335,3.3333333333333335,3.789473684210526,3.789473684210526,3.5,3.8333333333333335,3.789473684210526,4.0,3.789473684210526,3.789473684210526,3.0,3.789473684210526,3.789473684210526,3.5,2.5,4.0,3.8,4.0,4.0
119,4.218934911242603,4.2,4.258928571428571,4.2,4.2,4.1,4.271428571428571,3.875,4.311594202898551,4.131578947368421,4.0,4.333333333333333,4.323529411764706,5.0,4.1875,4.3,4.1,4.2254901960784315,4.333333333333333,3.875
120,3.411764705882353,3.75,3.6666666666666665,3.0,3.0,3.125,5.0,3.411764705882353,3.5714285714285716,2.6666666666666665,3.411764705882353,3.0,3.411764705882353,2.6666666666666665,3.0,3.0,4.0,3.75,3.411764705882353,3.411764705882353
121,3.347826086956522,3.230769230769231,3.0,4.0,4.0,3.176470588235294,4.0,3.0,3.526315789473684,2.6666666666666665,3.347826086956522,3.0,3.0,3.347826086956522,3.347826086956522,3.5833333333333335,3.0,3.4,3.0,3.25
122,4.557017543859649,4.41358024691358,4.462121212121212,4.578947368421052,4.529411764705882,4.571428571428571,4.627659574468085,4.5,4.65,4.484375,5.0,4.483870967741935,4.25,4.875,4.681818181818182,4.5,4.525,4.492957746478873,4.5,4.642857142857143
123,4.0212765957446805,3.9,3.85,4.0,4.5,3.875,4.0,4.0212765957446805,4.051724137931035,3.75,4.0212765957446805,4.0,4.25,4.0212765957446805,4.2,3.8333333333333335,4.041666666666667,4.089285714285714,4.166666666666667,4.5
124,3.9743589743589745,3.7857142857142856,4.05,4.166666666666667,4.0,3.8333333333333335,4.388888888888889,3.9743589743589745,4.5,3.75,4.0,2.3333333333333335,3.9743589743589745,3.9743589743589745,3.9,4.2,3.7142857142857144,3.95,5.0,3.9743589743589745
125,3.864912280701754,3.747311827956989,3.671875,3.909090909090909,3.75,3.9051724137931036,3.811111111111111,3.864912280701754,3.9838709677419355,3.8870967741935485,3.8333333333333335,4.0,3.875,3.5,4.125,3.922222222222222,3.792207792207792,3.8972602739726026,3.7,3.8333333333333335
126,3.21875,3.230769230769231,3.2,4.0,3.25,2.6666666666666665,3.3,3.21875,3.4615384615384617,3.5,3.21875,2.0,4.5,4.0,5.0,4.0,2.8,3.4285714285714284,4.0,4.0
127,3.1578947368421053,4.0,3.1578947368421053,3.1578947368421053,2.0,3.125,4.0,3.1578947368421053,3.0,2.0,5.0,1.0,3.1578947368421053,4.0,3.5,2.75,1.0,2.6666666666666665,3.1578947368421053,4.0
128,4.3076923076923075,4.125,4.428571428571429,4.3076923076923075,4.3076923076923075,4.555555555555555,4.166666666666667,4.3076923076923075,4.285714285714286,4.0,4.0,4.0,4.3076923076923075,5.0,4.25,4.833333333333333,4.333333333333333,4.2,4.3076923076923075,4.3076923076923075
129,3.8935185185185186,3.9655172413793105,3.9017857142857144,4.088235294117647,3.892857142857143,3.7903225806451615,3.8333333333333335,3.8935185185185186,4.086206896551724,4.019230769230769,3.8935185185185186,3.5,3.857142857142857,4.083333333333333,3.5555555555555554,4.131578947368421,3.8636363636363638,3.816666666666667,4.25,3.8935185185185186
130,3.526315789473684,3.142857142857143,3.25,2.0,3.0,3.625,3.4,3.526315789473684,3.625,4.0,3.526315789473684,4.0,4.0,2.0,3.526315789473684,3.5,3.0,3.5714285714285716,4.0,3.526315789473684
131,3.4375,3.236842105263158,3.3461538461538463,3.5,3.4375,3.3181818181818183,3.85,3.0,3.5166666666666666,3.3333333333333335,4.0,3.0,4.0,3.4375,3.6,3.5,3.066666666666667,3.4615384615384617,3.0,2.0
132,3.042279411764706,2.872340425531915,2.823529411764706,3.0652173913043477,2.893939393939394,2.8865546218487395,3.284090909090909,2.75,3.219858156028369,3.207317073170732,3.8333333333333335,2.676470588235294,3.4444444444444446,3.4565217391304346,3.227272727272727,3.131868131868132,2.9242424242424243,3.1379310344827585,3.0,2.0
133,3.0,2.5555555555555554,2.25,3.0,3.0,3.0,2.5555555555555554,3.0,3.125,3.0,3.0,3.0,3.0,3.0,4.0,4.0,3.0,3.0,3.6666666666666665,2.0
134,3.4482758620689653,3.3076923076923075,3.3636363636363638,3.4,3.4,3.0,3.5,3.4482758620689653,3.6666666666666665,3.6666666666666665,3.4482758620689653,3.5,4.0,3.5,3.0,3.4,3.5,3.4,4.0,5.0
135,3.626086956521739,3.4239130434782608,3.532258064516129,4.0,3.6875,3.6565656565656566,3.5952380952380953,4.5,3.75,3.9166666666666665,3.0,3.7058823529411766,3.626086956521739,4.2,3.857142857142857,3.5357142857142856,3.5217391304347827,3.493827160493827,4.25,4.0
136,3.3260869565217392,3.1470588235294117,3.25,3.0,2.7,3.1875,4.0,3.3260869565217392,3.7857142857142856,3.4285714285714284,3.3260869565217392,3.2857142857142856,3.3333333333333335,3.5,4.0,3.642857142857143,2.642857142857143,3.64,4.2,2.5
137,3.9774774774774775,3.5869565217391304,3.8518518518518516,3.8,4.0,3.933333333333333,3.875,4.3,4.035714285714286,3.9615384615384617,4.1,3.769230769230769,3.5,4.0,4.277777777777778,3.909090909090909,3.4761904761904763,3.642857142857143,4.3,4.0
138,3.4761904761904763,3.6666666666666665,4.0,4.166666666666667,4.166666666666667,4.055555555555555,1.6666666666666667,3.4761904761904763,3.4,3.3333333333333335,3.4761904761904763,3.4761904761904763,5.0,3.4761904761904763,0.5,4.0,3.75,0.5,1.5,3.4761904761904763
139,2.1026490066225167,2.1333333333333333,2.3,2.4,2.2,2.015151515151515,2.267857142857143,2.1026490066225167,2.1363636363636362,2.2241379310344827,2.1026490066225167,1.5833333333333333,2.3518518518518516,2.25,2.066666666666667,1.8333333333333333,1.9454545454545455,1.9426229508196722,2.3125,2.75
140,3.5253164556962027,3.4794520547945207,3.5454545454545454,3.1,3.5285714285714285,3.399159663865546,3.5245098039215685,3.75,3.604779411764706,3.4130434782608696,3.5,3.5,4.5,3.409090909090909,3.2419354838709675,3.668539325842697,3.5294117647058822,3.3877551020408165,3.784313725490196,3.8181818181818183
141,3.4384615384615387,3.3666666666666667,3.5652173913043477,3.764705882352941,3.6842105263157894,3.4266666666666667,3.391304347826087,3.4384615384615387,3.6052631578947367,3.575,2.5,3.3333333333333335,3.5384615384615383,3.357142857142857,3.25,3.4761904761904763,3.52,3.409090909090909,3.2,4.25
142,3.7419354838709675,3.3636363636363638,3.7777777777777777,4.333333333333333,4.25,4.0,3.8,3.7419354838709675,3.75,4.0,3.7419354838709675,5.0,4.333333333333333,4.333333333333333,4.0,4.0,3.0,3.642857142857143,4.5,4.0
143,3.4272727272727272,2.357142857142857,3.590909090909091,4.0,3.888888888888889,3.4130434782608696,5.0,5.0,3.3076923076923075,3.5714285714285716,3.4272727272727272,1.0,3.5,5.0,2.0,3.515151515151515,4.25,3.0,4.5,3.4272727272727272
144,3.6153846153846154,3.4,3.6363636363636362,4.045454545454546,3.7666666666666666,3.478723404255319,3.75,3.5,3.7875,3.7941176470588234,3.6153846153846154,3.8,3.8333333333333335,4.375,4.0,3.734375,2.8181818181818183,3.4782608695652173,3.7,3.5
145,3.3157894736842106,2.8333333333333335,3.125,4.0,4.0,3.1666666666666665,3.6666666666666665,3.3157894736842106,3.5,4.0,3.3157894736842106,3.3157894736842106,3.5,4.0,5.0,3.3333333333333335,2.6666666666666665,3.5555555555555554,4.0,4.0
146,3.2115384615384617,2.5,3.0,3.5,3.2,3.0454545454545454,3.0,3.2115384615384617,3.4583333333333335,3.4,3.2115384615384617,3.0,3.0,3.2115384615384617,3.6,3.3181818181818183,5.0,3.125,3.0,3.2115384615384617
147,3.40625,2.75,4.75,3.0,3.0,3.8636363636363638,4.25,3.40625,2.9285714285714284,3.0,3.40625,4.5,3.40625,3.0,3.40625,2.875,4.5,3.5,2.75,3.40625
148,3.8333333333333335,3.6666666666666665,3.6875,3.7857142857142856,3.7777777777777777,3.7777777777777777,3.8333333333333335,3.8333333333333335,3.9545454545454546,3.7142857142857144,3.8333333333333335,3.8333333333333335,3.8181818181818183,4.0,4.0,4.136363636363637,3.888888888888889,4.0,4.25,3.8333333333333335
149,2.6739130434782608,2.75,2.4347826086956523,3.3333333333333335,1.6,2.6666666666666665,2.3333333333333335,2.6739130434782608,2.857142857142857,1.0,2.6739130434782608,4.0,2.6739130434782608,2.6739130434782608,2.5,2.6739130434782608,2.697674418604651,2.923076923076923,5.0,2.6739130434782608
150,3.5238095238095237,3.2857142857142856,3.4,3.5238095238095237,3.0,3.5714285714285716,3.6666666666666665,3.5238095238095237,3.5555555555555554,3.0,3.5238095238095237,3.5238095238095237,3.5238095238095237,3.0,4.0,3.5,4.5,3.5,3.5238095238095237,3.5238095238095237
151,3.5833333333333335,3.8333333333333335,3.6666666666666665,4.2,3.6153846153846154,3.625,5.0,3.5833333333333335,3.6363636363636362,3.7777777777777777,3.5833333333333335,3.3333333333333335,3.5833333333333335,3.5,3.5833333333333335,3.6666666666666665,3.3333333333333335,3.5454545454545454,3.5833333333333335,3.5833333333333335
152,3.9019607843137254,3.5,3.5,4.5,4.5,3.642857142857143,3.933333333333333,4.333333333333333,3.926470588235294,3.1666666666666665,4.0,4.5,3.5,3.5,4.0,4.0,3.625,3.9285714285714284,4.125,3.9019607843137254
153,2.2027027027027026,0.8275862068965517,1.275,1.6333333333333333,1.5,2.1507936507936507,2.0454545454545454,1.0,2.8097826086956523,1.9285714285714286,2.5,1.3333333333333333,0.7777777777777778,2.5,3.375,2.7804878048780486,1.25,1.8611111111111112,2.0833333333333335,1.0
154,4.517857142857143,4.421052631578948,4.617647058823529,4.5,4.916666666666667,4.357142857142857,3.5,4.517857142857143,5.0,4.785714285714286,4.517857142857143,4.517857142857143,4.708333333333333,4.517857142857143,5.0,5.0,4.75,3.1666666666666665,4.5,4.517857142857143
155,3.696969696969697,3.7857142857142856,3.857142857142857,3.6,3.6,3.611111111111111,3.5714285714285716,3.696969696969697,3.5,3.3333333333333335,3.696969696969697,4.0,3.696969696969697,3.0,3.696969696969697,4.0,4.0,3.5,4.0,3.696969696969697
156,3.6863057324840764,3.275,3.55,3.1875,3.2058823529411766,3.4778481012658227,3.8666666666666667,4.25,3.8491124260355027,3.6666666666666665,4.7,3.7,4.0,3.7666666666666666,4.066666666666666,3.7628205128205128,3.138888888888889,3.894230769230769,3.725,3.625
157,3.4444444444444446,3.25,3.4,4.0,3.0,3.1818181818181817,4.333333333333333,3.4444444444444446,3.625,3.5,3.4444444444444446,3.4444444444444446,3.4444444444444446,3.4444444444444446,3.5,2.5,3.0,4.333333333333333,5.0,3.4444444444444446
158,3.4,3.8,3.3333333333333335,3.4,3.4,3.2777777777777777,3.75,4.0,3.357142857142857,3.1,3.4,3.25,3.4,3.4,4.0,2.8333333333333335,4.0,3.642857142857143,3.4,3.4
159,3.342857142857143,3.4375,3.6875,3.8,4.0,3.364864864864865,2.1,3.342857142857143,3.3026315789473686,4.2272727272727275,3.342857142857143,3.342857142857143,4.333333333333333,3.5,4.0,3.242857142857143,2.75,2.857142857142857,3.6666666666666665,3.342857142857143
160,2.6502890173410405,2.2095588235294117,2.188775510204082,3.590909090909091,2.858695652173913,2.6616161616161618,3.049019607843137,2.6502890173410405,3.1695652173913045,2.8207547169811322,5.0,2.4574468085106385,3.75,3.7941176470588234,3.2,2.8214285714285716,2.426470588235294,2.3780487804878048,3.7142857142857144,2.3333333333333335
161,3.806451612903226,3.75,4.2727272727272725,4.444444444444445,4.409090909090909,3.789473684210526,5.0,4.5,3.6875,3.5,3.806451612903226,3.806451612903226,3.806451612903226,4.25,4.0,3.25,4.083333333333333,3.5,3.806451612903226,3.806451612903226
162,4.242424242424242,4.0,4.0,4.0,4.0,4.25,4.285714285714286,4.242424242424242,4.266666666666667,4.242424242424242,4.242424242424242,4.242424242424242,4.0,4.0,4.0,4.230769230769231,4.0,4.125,4.666666666666667,4.0
163,2.9375,3.0,2.0,2.9375,4.0,3.0,2.5,2.9375,2.8333333333333335,2.0,3.0,3.0,2.9375,2.9375,2.6666666666666665,3.0,2.9375,2.8,2.9375,2.9375
164,4.379310344827586,4.407407407407407,4.294117647058823,4.379310344827586,5.0,3.6666666666666665,3.0,4.379310344827586,4.5,3.5,4.379310344827586,5.0,4.379310344827586,4.379310344827586,4.379310344827586,3.5,4.357142857142857,4.444444444444445,5.0,5.0
165,3.5098039215686274,3.7083333333333335,3.8461538461538463,4.0,3.3333333333333335,3.5,3.5714285714285716,3.5098039215686274,3.230769230769231,3.3333333333333335,3.5098039215686274,3.5,3.5098039215686274,3.5098039215686274,4.0,3.6666666666666665,3.5,3.6470588235294117,3.5,3.5
166,4.049019607843137,3.984848484848485,3.988095238095238,4.458333333333333,4.083333333333333,4.0256410256410255,4.217948717948718,3.5,4.180555555555555,4.020833333333333,4.666666666666667,3.75,4.2,4.5,3.857142857142857,4.195652173913044,3.9615384615384617,3.990566037735849,4.15,4.5
167,3.513888888888889,3.5625,3.872549019607843,3.9166666666666665,3.703125,3.4488636363636362,3.55,3.513888888888889,3.216666666666667,3.8875,4.5,3.2222222222222223,4.071428571428571,3.533333333333333,3.0,2.9347826086956523,3.484375,3.210526315789474,2.9,2.0
168,4.4573170731707314,4.5,4.111111111111111,4.5,4.4,4.318181818181818,4.605263157894737,4.75,4.56140350877193,4.4,4.7,2.5,4.4573170731707314,4.5,4.678571428571429,4.538461538461538,2.25,4.545454545454546,4.590909090909091,4.75
169,4.259708737864078,3.8472222222222223,4.104651162790698,4.411764705882353,4.414285714285715,4.216981132075472,4.117647058823529,4.333333333333333,4.3924050632911396,4.416666666666667,4.259708737864078,3.8,4.416666666666667,4.45,4.125,4.3125,3.7857142857142856,3.8260869565217392,4.25,4.333333333333333
170,3.2564102564102564,3.2,3.2,3.0,2.857142857142857,3.0,3.2857142857142856,3.2564102564102564,3.5714285714285716,2.5,3.2564102564102564,4.0,3.0,3.0,3.0,3.6666666666666665,3.3333333333333335,3.1666666666666665,4.0,3.5
171,4.632352941176471,4.526315789473684,4.611111111111111,4.5,4.571428571428571,4.592592592592593,4.75,4.632352941176471,4.733333333333333,4.333333333333333,4.632352941176471,5.0,4.632352941176471,4.333333333333333,4.666666666666667,4.5,4.666666666666667,4.6875,4.0,4.75
172,3.847826086956522,3.625,3.6875,3.5,3.75,4.0,3.8333333333333335,3.847826086956522,3.8333333333333335,3.9,3.847826086956522,3.9,3.847826086956522,3.5,4.5,5.0,3.75,3.7,3.6666666666666665,3.5
173,3.4285714285714284,3.0,3.2,3.0,3.0,3.5,2.3333333333333335,3.4285714285714284,3.6666666666666665,3.0,3.4285714285714284,3.0,3.0,3.0,3.4285714285714284,3.8333333333333335,3.3333333333333335,2.6,4.333333333333333,3.4285714285714284
174,3.75,3.9411764705882355,3.7333333333333334,4.0,3.5,3.590909090909091,3.4285714285714284,3.75,3.8095238095238093,3.6666666666666665,3.75,3.5,5.0,4.0,4.0,4.0,3.4285714285714284,3.9,3.0,4.0
175,3.5476190476190474,3.5476190476190474,3.5476190476190474,3.5476190476190474,4.25,3.5625,3.5476190476190474,3.5476190476190474,4.230769230769231,3.5476190476190474,3.5476190476190474,0.5,3.5476190476190474,4.166666666666667,3.5476190476190474,4.1875,0.5,0.5,3.5476190476190474,3.5476190476190474
176,4.2,4.25,4.222222222222222,4.2,4.2,3.7142857142857144,4.0,4.2,4.2,4.2,4.2,5.0,4.2,4.2,5.0,4.666666666666667,4.25,4.166666666666667,4.0,4.25
177,3.394806924101198,3.1424418604651163,3.241477272727273,3.558139534883721,3.409090909090909,3.3343373493975905,3.542056074766355,3.8333333333333335,3.591614906832298,3.4227642276422765,3.111111111111111,2.9895833333333335,3.577777777777778,3.609375,3.5849056603773586,3.5076923076923077,3.1494252873563218,3.301829268292683,3.533333333333333,3.2
178,4.076271186440678,3.8823529411764706,3.7083333333333335,2.875,3.0,4.0,4.166666666666667,3.75,4.333333333333333,3.375,4.076271186440678,4.076271186440678,3.25,2.0,4.416666666666667,4.03125,4.055555555555555,4.204545454545454,4.5625,4.5
179,3.7719298245614037,3.772727272727273,3.6875,4.0,4.0,3.5925925925925926,3.6153846153846154,3.7719298245614037,4.176470588235294,3.75,3.7719298245614037,3.6666666666666665,4.0,4.0,3.5,4.285714285714286,3.875,3.96,5.0,4.0
180,3.4705882352941178,3.875,3.7222222222222223,4.0,4.0,3.0833333333333335,4.5,3.4705882352941178,3.6,3.4,3.5,2.5,3.4705882352941178,3.4705882352941178,3.4705882352941178,3.0,3.9166666666666665,3.0,3.5,3.4705882352941178
181,2.924731182795699,2.7333333333333334,3.0714285714285716,3.6666666666666665,3.2222222222222223,2.914285714285714,2.7857142857142856,2.924731182795699,3.1052631578947367,2.7142857142857144,2.924731182795699,2.6666666666666665,4.0,3.4,3.2,2.96,2.5714285714285716,3.0,3.6666666666666665,1.6666666666666667
182,3.5019108280254776,3.0400943396226414,3.15,3.5869565217391304,3.375,3.4416342412451364,3.7027027027027026,3.0625,3.840616966580977,3.2714285714285714,4.166666666666667,3.1875,2.4,3.730769230769231,3.8115942028985508,3.6374045801526718,3.0592592592592593,3.2680851063829786,3.86734693877551,3.5
183,3.85,3.8823529411764706,3.8666666666666667,3.85,3.85,3.3333333333333335,3.6,3.85,4.083333333333333,3.85,3.85,3.5,3.85,3.85,4.0,5.0,3.3846153846153846,3.9285714285714284,4.166666666666667,3.5
184,4.5,3.4615384615384617,3.485294117647059,3.48,3.0,3.4347826086956523,3.7857142857142856,4.357142857142857,3.973684210526316,3.3157894736842106,3.7241379310344827,4.166666666666667,3.8,3.7241379310344827,4.090909090909091,4.166666666666667,3.8684210526315788,4.0227272727272725,4.0,3.7241379310344827
185,3.5277777777777777,3.6666666666666665,3.4,3.3636363636363638,3.5,3.3529411764705883,3.25,3.5277777777777777,3.6153846153846154,3.142857142857143,3.5277777777777777,1.5,4.0,3.7,4.5,3.625,1.0,4.2,3.0,3.5277777777777777
186,4.122222222222222,4.075757575757576,4.153846153846154,4.333333333333333,4.166666666666667,4.148148148148148,4.153846153846154,4.0,4.0588235294117645,4.193548387096774,4.0,4.125,4.5,4.333333333333333,4.384615384615385,4.133333333333334,4.135135135135135,4.0638297872340425,4.0,4.25
187,3.7389162561576357,3.3333333333333335,3.2717391304347827,4.194444444444445,3.75,3.588235294117647,3.9019607843137254,4.035714285714286,3.9070796460176993,4.130434782608695,4.4375,4.1923076923076925,1.875,4.166666666666667,4.125,3.3333333333333335,3.0526315789473686,3.643939393939394,3.8333333333333335,3.0
188,4.27027027027027,4.0,5.0,4.5,4.75,4.125,4.0,4.27027027027027,4.2631578947368425,4.75,5.0,4.27027027027027,4.27027027027027,4.636363636363637,4.0,4.153846153846154,3.0,4.0,5.0,4.0
189,4.076923076923077,4.0,4.0,4.25,4.25,4.0,4.0,4.076923076923077,4.333333333333333,4.0,4.076923076923077,4.076923076923077,4.0,4.076923076923077,4.076923076923077,4.0,4.0,4.0,4.25,4.076923076923077
190,3.9245283018867925,3.6538461538461537,4.214285714285714,3.6666666666666665,3.9,3.8157894736842106,3.9545454545454546,3.0,4.0,4.444444444444445,4.0,3.9245283018867925,4.4,3.5,3.9375,3.911764705882353,3.5625,3.7857142857142856,4.333333333333333,3.9245283018867925
191,3.704225352112676,2.3846153846153846,2.3333333333333335,5.0,4.5,3.56,3.923076923076923,5.0,4.044444444444444,5.0,5.0,3.704225352112676,2.0,3.704225352112676,2.8333333333333335,3.5789473684210527,2.3333333333333335,3.7,3.25,1.0
192,4.142857142857143,4.333333333333333,4.4,4.142857142857143,4.142857142857143,4.333333333333333,3.8,4.142857142857143,4.25,4.142857142857143,4.142857142857143,3.0,5.0,4.142857142857143,4.0,4.666666666666667,4.0,4.0,4.5,4.0
193,3.6206896551724137,3.2857142857142856,3.4545454545454546,3.5,2.0,3.0555555555555554,3.7857142857142856,3.6206896551724137,3.9473684210526314,3.2,3.6206896551724137,4.25,4.0,3.6206896551724137,4.5,3.5714285714285716,3.5,3.888888888888889,3.5,3.6206896551724137
194,3.3666666666666667,3.5,3.5,2.0,2.0,3.4,3.5,3.3666666666666667,3.25,3.3666666666666667,3.5,3.5,3.3666666666666667,2.8333333333333335,3.5,3.2142857142857144,3.3666666666666667,3.3333333333333335,4.0,3.3666666666666667
195,3.4761904761904763,3.2285714285714286,3.2083333333333335,2.3333333333333335,2.6666666666666665,3.522727272727273,3.5806451612903225,3.4761904761904763,3.6049382716049383,2.7777777777777777,3.0,3.25,3.4761904761904763,2.0,3.5555555555555554,3.7916666666666665,3.5,3.3333333333333335,3.3333333333333335,3.3333333333333335
196,4.08,4.318181818181818,4.2,4.5,4.5,4.08,4.375,4.08,4.0,2.0,4.08,3.75,5.0,5.0,2.5,4.08,4.1,3.9,3.25,4.08
197,4.0,4.0,3.5,4.0,4.0,3.9,3.6666666666666665,4.0,3.9285714285714284,4.0,4.0,4.0,4.0,4.0,4.0,4.4,4.375,4.222222222222222,3.0,3.0
198,3.4754098360655736,3.13953488372093,3.5925925925925926,4.5,4.0,3.3214285714285716,3.533333333333333,3.4754098360655736,3.7155963302752295,3.5,3.3333333333333335,2.8333333333333335,3.4754098360655736,3.4754098360655736,3.260869565217391,3.725,3.2745098039215685,3.4693877551020407,4.166666666666667,3.75
199,3.4101694915254237,3.4328358208955225,3.6818181818181817,1.0,2.3333333333333335,3.3653846153846154,3.601449275362319,3.1666666666666665,3.5,3.0,4.75,3.2,1.5,2.25,3.3076923076923075,3.1911764705882355,3.066666666666667,3.289473684210526,4.145161290322581,4.083333333333333
200,3.8198529411764706,3.783333333333333,3.810810810810811,3.25,3.433333333333333,3.8455882352941178,4.064102564102564,4.0,3.772727272727273,3.7222222222222223,4.5,3.875,3.7857142857142856,4.2272727272727275,4.2727272727272725,3.8066666666666666,3.6341463414634148,3.8688524590163933,3.5625,3.5
201,4.170731707317073,4.115384615384615,4.208333333333333,4.666666666666667,4.5,4.2272727272727275,4.0,4.170731707317073,4.583333333333333,3.923076923076923,1.0,3.6666666666666665,4.170731707317073,4.0,4.25,4.269230769230769,4.0,3.9473684210526314,5.0,3.5
202,3.8333333333333335,3.717171717171717,3.875,4.111111111111111,4.181818181818182,3.8048780487804876,4.0212765957446805,5.0,3.877906976744186,4.0,3.75,4.0,4.0,4.0,3.6538461538461537,3.8360655737704916,3.6666666666666665,3.792207792207792,4.037037037037037,3.8181818181818183
203,3.8421052631578947,4.0,4.125,4.0,3.75,3.0833333333333335,4.25,3.8421052631578947,4.333333333333333,4.142857142857143,3.8421052631578947,4.0,4.166666666666667,3.8421052631578947,5.0,3.5,3.6875,4.041666666666667,4.75,3.75
204,3.9166666666666665,3.40625,3.5,3.6666666666666665,3.227272727272727,4.0,4.088235294117647,3.9166666666666665,3.890625,3.85,3.8333333333333335,4.166666666666667,3.5,3.9166666666666665,4.25,3.9285714285714284,3.875,4.2272727272727275,4.3,3.5
205,3.763157894736842,4.0,3.7777777777777777,3.763157894736842,3.0,3.875,4.5,5.0,3.7142857142857144,3.642857142857143,3.763157894736842,3.763157894736842,3.6666666666666665,2.75,4.25,3.25,4.0,3.9,3.8333333333333335,3.763157894736842
206,4.0,3.3333333333333335,3.5,4.5,4.0,4.4,5.0,4.0,4.625,4.0,4.0,4.0,4.0,3.5,3.0,4.333333333333333,3.3333333333333335,3.5,4.0,4.0
207,3.0625,3.2,2.857142857142857,3.0625,0.5,2.6,3.5,3.0625,3.1,2.3333333333333335,3.0625,3.8333333333333335,3.0625,3.0625,3.0625,3.0,2.6666666666666665,3.4166666666666665,3.0625,3.0625
208,3.409090909090909,3.466666666666667,3.0,3.409090909090909,3.409090909090909,3.0,3.0,3.409090909090909,3.875,3.409090909090909,3.409090909090909,3.0,3.409090909090909,3.409090909090909,4.0,3.3333333333333335,4.25,3.1538461538461537,4.0,3.409090909090909
209,4.403846153846154,4.65,4.444444444444445,4.0,4.0,4.5,4.714285714285714,4.403846153846154,4.305555555555555,4.5,4.403846153846154,3.0,4.375,4.403846153846154,4.833333333333333,4.125,4.625,4.35,4.75,4.403846153846154
210,4.0,4.26530612244898,4.25,4.03125,3.9166666666666665,3.875,3.8,4.117647058823529,4.0476190476190474,4.017241379310345,4.117647058823529,3.75,4.214285714285714,4.117647058823529,4.375,4.5,4.2153846153846155,4.15625,4.75,4.117647058823529
211,3.9029850746268657,3.8875,3.8653846153846154,4.0,3.875,4.115384615384615,4.25,3.9029850746268657,4.111111111111111,3.9,3.9029850746268657,3.5,3.909090909090909,4.125,3.625,4.0,3.659090909090909,3.7096774193548385,4.083333333333333,3.9029850746268657
212,3.5,3.545977011494253,3.6056338028169015,3.7333333333333334,3.730769230769231,3.608108108108108,3.6375,3.6067961165048543,3.625,3.757142857142857,4.0,3.375,3.4761904761904763,3.7,3.59375,3.642857142857143,3.488372093023256,3.534090909090909,3.4444444444444446,3.5
213,3.859154929577465,3.9827586206896552,3.7777777777777777,4.0,3.8,3.9444444444444446,3.857142857142857,3.859154929577465,4.0,3.735294117647059,3.859154929577465,3.4615384615384617,3.75,5.0,3.5,4.15,3.923076923076923,3.7037037037037037,4.0,3.859154929577465
214,2.9,2.8,2.8333333333333335,3.0,3.0,2.75,3.0,2.9,3.142857142857143,2.8,2.9,2.9,2.9,3.0,3.0,2.8333333333333335,2.75,2.8333333333333335,2.9,2.9
215,3.914473684210526,3.9444444444444446,4.107142857142857,3.914473684210526,4.5,3.8125,3.84375,5.0,4.035714285714286,3.9375,3.914473684210526,3.0,4.0,3.914473684210526,4.166666666666667,3.8684210526315788,3.75,3.730769230769231,4.25,2.5
216,3.661290322580645,3.4375,3.357142857142857,3.533333333333333,3.6,3.580246913580247,3.8421052631578947,5.0,3.6595744680851063,3.5714285714285716,4.333333333333333,2.0,5.0,3.7142857142857144,4.142857142857143,3.838709677419355,2.7142857142857144,3.6470588235294117,3.6666666666666665,4.0
217,2.753479125248509,2.804123711340206,2.9586206896551723,3.0416666666666665,2.772727272727273,2.6556016597510372,2.914285714285714,2.753479125248509,2.75,2.6769230769230767,3.0,2.7222222222222223,2.753479125248509,2.75,3.0714285714285716,2.5806451612903225,2.925,2.9236641221374047,2.6538461538461537,2.4
218,3.375,3.0,2.857142857142857,3.375,3.375,3.5,3.8333333333333335,3.375,4.0,3.0,4.5,4.0,2.6666666666666665,3.0,3.5,3.6666666666666665,2.6,3.1,4.0,3.375
219,3.164319248826291,3.0595854922279795,3.156779661016949,3.4838709677419355,2.7837837837837838,3.1411042944785277,3.484536082474227,3.75,3.37007874015748,2.9245283018867925,4.142857142857143,2.9375,3.5,3.4,3.7,2.86734693877551,2.9690721649484537,3.2378048780487805,3.35,3.0
220,3.956140350877193,3.7650602409638556,3.964788732394366,4.130434782608695,4.020833333333333,4.098484848484849,4.25,4.0,4.040816326530612,4.0,3.956140350877193,4.0,3.911764705882353,4.285714285714286,3.7857142857142856,4.225,3.911111111111111,3.65,3.7,4.5
221,4.13035019455253,3.725,3.828125,4.333333333333333,3.5,3.9207317073170733,4.246031746031746,4.409090909090909,4.24,4.269230769230769,4.4411764705882355,4.388888888888889,2.5,3.5,4.410714285714286,4.2125,3.9,4.111111111111111,4.35,4.076923076923077
222,3.1971153846153846,3.2153846153846155,3.225806451612903,3.0,2.5625,3.139784946236559,3.2413793103448274,2.75,3.2604166666666665,3.3125,3.0,2.4,3.1818181818181817,3.3,3.230769230769231,2.9305555555555554,3.3846153846153846,3.1382978723404253,3.25,3.75
223,3.2982456140350878,3.4,3.4705882352941178,3.6666666666666665,3.7142857142857144,3.375,3.5,4.0,3.3076923076923075,3.433333333333333,4.0,2.0,3.5,3.5,3.5833333333333335,3.625,3.388888888888889,2.977272727272727,3.25,3.0
224,4.304347826086956,3.0,2.5,4.0,4.333333333333333,4.548387096774194,4.0,4.304347826086956,4.444444444444445,4.75,4.304347826086956,2.5,4.304347826086956,4.304347826086956,5.0,4.407407407407407,2.6666666666666665,3.5,3.6666666666666665,4.304347826086956
225,3.6491228070175437,3.857142857142857,4.0,3.5,3.5,3.736842105263158,4.0,3.6491228070175437,3.5,3.8333333333333335,3.6491228070175437,3.5,3.6491228070175437,3.5,4.0,3.8,3.4444444444444446,3.8,1.0,3.6491228070175437
226,3.4748743718592965,3.4545454545454546,3.5104166666666665,3.45,3.35,3.532110091743119,3.6774193548387095,4.3,3.575187969924812,3.453125,3.4748743718592965,2.85,3.8333333333333335,3.2,3.603448275862069,3.3203125,3.2830188679245285,3.4583333333333335,3.6875,3.2777777777777777
227,4.191780821917808,4.0476190476190474,3.96875,4.25,4.333333333333333,4.4,4.264705882352941,4.0,4.266666666666667,4.0,4.0,4.5,3.9166666666666665,4.25,4.285714285714286,4.125,4.1923076923076925,4.275,4.333333333333333,4.5
228,3.6578947368421053,3.8636363636363638,3.5625,3.5,3.0,2.75,4.0,3.6578947368421053,3.625,4.0,3.6578947368421053,3.5,3.6578947368421053,3.6578947368421053,4.25,3.0,3.9285714285714284,3.875,4.0,3.6578947368421053
229,3.6875,3.875,3.75,4.0,3.3333333333333335,3.5217391304347827,3.7777777777777777,3.6875,3.85,3.2,3.6875,3.0,4.0,4.0,4.0,3.9166666666666665,3.75,3.5714285714285716,4.333333333333333,3.0
230,2.8375,3.116279069767442,3.1578947368421053,2.6875,2.5434782608695654,2.8191489361702127,2.875,2.8375,2.5428571428571427,2.9523809523809526,2.8375,2.857142857142857,3.5625,2.4,2.8125,2.611111111111111,3.0,3.125,2.25,2.5
231,3.638888888888889,4.25,3.625,3.638888888888889,3.638888888888889,3.25,4.4,3.638888888888889,3.4444444444444446,3.0,3.638888888888889,4.0,4.0,3.638888888888889,3.638888888888889,3.5,3.9285714285714284,4.25,2.0,3.638888888888889
232,3.265051395007342,3.3227272727272728,3.1193548387096772,3.0392156862745097,2.956043956043956,3.0883333333333334,3.4174311926605503,3.35,3.519607843137255,3.061797752808989,4.5,2.9461538461538463,3.533333333333333,3.1818181818181817,3.36,3.3076923076923075,3.3138297872340425,3.299492385786802,3.9038461538461537,3.9
233,3.3464912280701755,3.272727272727273,3.1538461538461537,3.625,3.388888888888889,3.287878787878788,3.5675675675675675,2.5,3.462686567164179,3.3333333333333335,3.0,4.0,3.227272727272727,3.0,3.357142857142857,3.9,2.9722222222222223,3.2916666666666665,3.5714285714285716,3.3464912280701755
234,3.5149700598802394,3.4444444444444446,3.5568181818181817,3.8529411764705883,3.4473684210526314,3.4583333333333335,3.7222222222222223,3.5149700598802394,3.7435897435897436,3.5714285714285716,3.5149700598802394,4.2,5.0,4.176470588235294,3.8333333333333335,4.0,3.7027027027027026,3.727272727272727,3.0,3.75
235,3.6792452830188678,3.5833333333333335,3.727272727272727,4.0,3.7777777777777777,3.4782608695652173,3.75,3.6792452830188678,3.84,3.8,3.6792452830188678,5.0,5.0,4.0,3.3333333333333335,3.875,3.8,3.6875,4.25,3.0
236,3.6956521739130435,5.0,5.0,3.6956521739130435,3.6956521739130435,3.8461538461538463,5.0,3.6956521739130435,4.25,4.0,3.6956521739130435,3.2,3.6956521739130435,4.0,4.333333333333333,4.0,3.0,3.6666666666666665,3.6956521739130435,3.6956521739130435
237,3.3333333333333335,3.2916666666666665,3.125,3.3333333333333335,3.3333333333333335,2.9642857142857144,3.3333333333333335,3.3333333333333335,3.4791666666666665,2.8333333333333335,3.3333333333333335,3.5,3.5,3.3333333333333335,3.5,3.1875,3.642857142857143,3.4411764705882355,3.125,3.3333333333333335
238,3.65625,3.923076923076923,2.5,3.65625,1.6666666666666667,3.75,4.083333333333333,3.65625,3.526315789473684,3.65625,4.0,3.0,3.65625,3.65625,4.25,4.0,2.0,4.071428571428571,4.0,4.0
239,4.047511312217194,4.004901960784314,3.9857142857142858,4.0,4.03125,3.892857142857143,4.2407407407407405,4.125,4.17741935483871,4.0,3.75,3.5833333333333335,4.038461538461538,4.0,4.225,4.1,3.9019607843137254,4.0519480519480515,4.46875,4.2
240,3.8823529411764706,3.909090909090909,3.857142857142857,3.7,3.652173913043478,4.071428571428571,3.25,3.8823529411764706,3.7222222222222223,3.933333333333333,3.8823529411764706,4.166666666666667,3.6666666666666665,3.625,3.25,3.6666666666666665,4.0625,3.739130434782609,4.2,4.666666666666667
241,3.9722222222222223,3.5833333333333335,4.0,3.5,3.5,4.071428571428571,3.75,3.9722222222222223,3.9574468085106385,3.25,3.9722222222222223,4.0,4.5,3.75,3.6666666666666665,4.083333333333333,4.166666666666667,3.769230769230769,3.25,4.0
242,3.6206896551724137,3.25,3.25,3.0,3.0,3.2222222222222223,3.5555555555555554,3.6206896551724137,3.6153846153846154,3.0,3.6206896551724137,5.0,3.0,3.0,5.0,3.3333333333333335,4.0,4.0,3.5,3.0
243,4.137931034482759,4.2,4.375,3.5,3.25,4.0,3.857142857142857,4.137931034482759,4.166666666666667,3.3333333333333335,4.137931034482759,4.137931034482759,3.0,3.5,5.0,4.25,4.0,4.5,4.0,4.137931034482759
244,3.7432432432432434,3.575,3.7,3.7432432432432434,3.0,3.923076923076923,3.5,3.7432432432432434,3.7567567567567566,3.8,3.0,4.0,3.7432432432432434,3.7432432432432434,3.0,3.6666666666666665,3.5,3.34375,4.230769230769231,4.0
245,2.764705882352941,2.764705882352941,4.0,3.5,3.5,3.25,2.25,3.2,2.5,4.0,2.764705882352941,2.764705882352941,2.764705882352941,2.764705882352941,1.0,2.3333333333333335,2.764705882352941,2.0,2.764705882352941,2.764705882352941
246,4.20679012345679,4.254237288135593,4.336734693877551,4.543478260869565,4.617647058823529,4.181818181818182,4.0,4.20679012345679,4.205128205128205,4.371794871794871,4.833333333333333,4.333333333333333,4.25,3.5,4.431818181818182,4.256756756756757,4.1923076923076925,4.195652173913044,4.7,4.5
247,3.7782608695652176,3.7613636363636362,3.6979166666666665,3.888888888888889,3.8095238095238093,3.607142857142857,3.9782608695652173,3.7782608695652176,3.9705882352941178,3.9523809523809526,3.0,4.166666666666667,3.9210526315789473,3.4444444444444446,4.076923076923077,3.0714285714285716,3.5208333333333335,3.909090909090909,4.142857142857143,3.5
248,4.0,3.82,3.78,3.7142857142857144,3.75,3.9444444444444446,3.3333333333333335,3.5,3.5,3.75,3.8,3.8,3.25,3.8,4.25,4.0,3.861111111111111,4.0,3.8,3.8
249,3.705112960760999,3.7265415549597853,3.7544642857142856,3.794642857142857,3.5865384615384617,3.57185628742515,3.849056603773585,3.8,3.908203125,3.675,4.5,3.357142857142857,3.7875,3.764705882352941,3.7666666666666666,3.601123595505618,3.7459016393442623,3.6689895470383274,3.893939393939394,4.038461538461538
250,4.16,3.75,4.0,4.125,4.125,3.5714285714285716,4.25,4.16,4.5,4.5,4.16,4.5,4.16,4.5,4.0,4.5,3.75,4.0,4.5,4.5
251,4.970588235294118,5.0,5.0,5.0,5.0,5.0,4.916666666666667,5.0,4.958333333333333,5.0,4.970588235294118,5.0,5.0,4.970588235294118,5.0,5.0,5.0,4.928571428571429,5.0,4.970588235294118
252,3.0,3.7777777777777777,4.233333333333333,4.388888888888889,4.423076923076923,4.2894736842105265,3.5,4.181818181818182,4.375,4.3076923076923075,4.181818181818182,4.181818181818182,4.0,4.375,3.5,4.3,3.6,4.0,4.181818181818182,4.181818181818182
253,4.279411764705882,3.25,4.0,4.75,4.279411764705882,4.318181818181818,4.7,4.333333333333333,4.3478260869565215,4.833333333333333,4.5,4.279411764705882,2.0,4.75,4.25,4.2,3.8333333333333335,4.5,5.0,4.5
254,4.004716981132075,3.842857142857143,3.913793103448276,4.5,4.25,3.9130434782608696,4.178571428571429,4.125,4.089285714285714,4.055555555555555,5.0,4.5,4.166666666666667,4.25,4.133333333333334,3.875,3.6458333333333335,3.9146341463414633,4.583333333333333,4.0
255,2.638888888888889,4.166666666666667,2.8333333333333335,2.5,2.5,2.892857142857143,2.5,1.0,1.4,2.0,2.638888888888889,3.0,2.638888888888889,3.0,1.0,1.8,3.5,3.0,5.0,1.3333333333333333
256,3.9580152671755724,3.9711538461538463,3.8627450980392157,3.40625,3.861111111111111,3.888888888888889,4.2,4.0,4.051282051282051,3.3666666666666667,3.9580152671755724,4.0,3.8846153846153846,4.0,4.125,4.083333333333333,3.909090909090909,4.042857142857143,4.166666666666667,4.333333333333333
257,3.25,3.625,3.5,3.5,3.5,3.0,3.4,3.25,3.8333333333333335,3.75,3.25,3.25,3.25,3.5,4.0,2.5,4.0,3.625,3.25,2.5
258,4.166666666666667,3.375,3.375,4.875,5.0,5.0,5.0,4.166666666666667,4.636363636363637,4.0,4.166666666666667,4.5,0.5,4.166666666666667,4.5,5.0,3.3125,4.0,2.25,4.166666666666667
259,2.977272727272727,1.7,2.375,4.0,3.25,3.9166666666666665,2.977272727272727,2.977272727272727,2.95,2.7,2.977272727272727,2.977272727272727,2.977272727272727,2.977272727272727,5.0,3.375,3.5,2.75,2.977272727272727,1.0
260,3.7123893805309733,3.625,3.7,4.076923076923077,4.166666666666667,3.776595744680851,3.6451612903225805,3.5625,3.6044776119402986,3.7333333333333334,3.0,3.4,3.7123893805309733,3.5,3.8,3.5434782608695654,3.55,3.7954545454545454,4.5,3.7123893805309733
261,3.875,3.75,4.25,3.875,3.875,3.375,3.9375,3.875,4.2,2.75,3.875,3.875,4.5,1.0,4.25,5.0,4.444444444444445,4.107142857142857,4.375,4.0
262,3.0943396226415096,3.2,3.25,2.5,2.5,3.0,3.5,3.0943396226415096,3.21875,2.8,3.0,3.5,3.0943396226415096,2.5,3.0,2.7777777777777777,4.5,2.923076923076923,3.0943396226415096,3.0943396226415096
263,3.7596153846153846,3.53125,3.769230769230769,4.3,4.2,3.753731343283582,3.75,3.6,3.8354430379746836,3.8,4.0,3.0,4.0,3.9444444444444446,3.7857142857142856,3.774193548387097,3.8666666666666667,3.4782608695652173,4.214285714285714,3.7596153846153846
264,3.4125,3.125,3.3333333333333335,3.3333333333333335,3.5,3.6,4.0,3.4125,3.3333333333333335,4.166666666666667,3.4125,3.625,3.5,3.142857142857143,3.0833333333333335,3.642857142857143,3.3181818181818183,2.6666666666666665,3.3333333333333335,3.4125
265,3.3577235772357725,3.606060606060606,3.9615384615384617,3.3577235772357725,3.0,3.25,3.3333333333333335,3.3577235772357725,3.2738095238095237,3.1666666666666665,3.3577235772357725,2.5,4.0,3.0,3.6,3.142857142857143,3.574468085106383,3.5833333333333335,3.4444444444444446,3.0
266,3.5172413793103448,3.683333333333333,3.675675675675676,2.8,2.0,3.3552631578947367,3.806451612903226,1.0,3.6444444444444444,3.380952380952381,3.5172413793103448,3.0,3.5172413793103448,3.0,3.25,2.7142857142857144,3.9166666666666665,3.5681818181818183,4.625,3.0
267,4.148936170212766,4.095238095238095,4.117647058823529,4.148936170212766,4.0,4.083333333333333,5.0,4.148936170212766,3.789473684210526,3.25,4.148936170212766,4.125,5.0,5.0,3.4,4.75,4.523809523809524,4.411764705882353,2.5,4.0
268,3.2755102040816326,3.0,3.3333333333333335,3.2755102040816326,3.2755102040816326,3.3488372093023258,3.263157894736842,3.2755102040816326,3.3076923076923075,3.6,3.5,3.0,3.2755102040816326,3.5,3.7777777777777777,3.3529411764705883,3.3846153846153846,2.88,2.6,5.0
269,3.55,3.2222222222222223,3.5,3.55,3.6666666666666665,3.8,3.8,3.55,3.8,4.5,3.55,5.0,3.55,4.0,4.0,3.5,3.25,3.727272727272727,3.55,3.55
270,3.142857142857143,2.7142857142857144,3.2,5.0,5.0,2.8461538461538463,3.5,3.142857142857143,3.909090909090909,3.5,3.142857142857143,3.142857142857143,3.142857142857143,3.142857142857143,3.5,3.4285714285714284,2.75,2.9,3.142857142857143,3.142857142857143
271,3.096774193548387,2.45,3.2857142857142856,3.096774193548387,3.096774193548387,3.5,3.0,3.096774193548387,3.28125,2.0,4.0,3.0,3.096774193548387,3.096774193548387,3.0,3.2,2.9615384615384617,3.15,4.0,3.096774193548387
272,3.5833333333333335,3.5714285714285716,3.388888888888889,3.6666666666666665,3.6666666666666665,3.625,4.0,3.5833333333333335,3.3333333333333335,3.0,3.5833333333333335,3.5,3.6666666666666665,3.5833333333333335,4.0,2.75,3.6785714285714284,3.7142857142857144,3.5,3.5
273,3.977272727272727,3.7142857142857144,3.625,4.5,4.333333333333333,3.96,4.0,3.977272727272727,3.8421052631578947,4.0,3.977272727272727,3.25,4.0,4.5,5.0,4.083333333333333,4.333333333333333,4.0,4.0,2.0
274,3.246031746031746,3.2423398328690807,3.2426778242677825,3.3354430379746836,3.136,3.1709302325581397,3.4371584699453552,3.5,3.443076923076923,3.1455223880597014,4.1,3.1780821917808217,3.1551724137931036,3.268292682926829,3.364130434782609,3.149484536082474,3.256544502617801,3.2398373983739837,3.5961538461538463,3.4523809523809526
275,4.12111801242236,4.074074074074074,3.935483870967742,4.0,4.076923076923077,4.023809523809524,4.333333333333333,4.2,4.175141242937853,4.2,4.25,3.0,4.12111801242236,3.6,4.619047619047619,4.1234567901234565,3.9047619047619047,4.254901960784314,4.555555555555555,4.25
276,4.413793103448276,4.666666666666667,4.416666666666667,4.333333333333333,3.8,4.4,4.413793103448276,4.413793103448276,5.0,3.3333333333333335,4.413793103448276,4.0,5.0,5.0,5.0,4.333333333333333,4.833333333333333,4.666666666666667,5.0,4.413793103448276
277,3.5652173913043477,4.0,3.9,3.5,3.25,3.3636363636363638,3.0,3.5652173913043477,3.0,3.4,3.5652173913043477,3.5652173913043477,3.5652173913043477,3.0,3.5652173913043477,3.3333333333333335,3.888888888888889,4.142857142857143,3.5652173913043477,3.5652173913043477
278,3.875,4.5,3.0,3.875,3.0,3.2142857142857144,4.333333333333333,3.875,4.375,3.875,3.875,3.0,3.875,3.0,4.166666666666667,2.5,3.5,3.8333333333333335,4.75,3.875
279,3.6305970149253732,3.681159420289855,3.689189189189189,2.3333333333333335,2.5,3.5294117647058822,3.7093023255813953,3.6305970149253732,3.6176470588235294,3.3636363636363638,3.5,4.285714285714286,3.5,3.0,3.638888888888889,3.2777777777777777,3.7058823529411766,3.7,3.5,4.0
280,3.93312101910828,4.0,3.9347826086956523,4.214285714285714,4.029411764705882,3.733695652173913,4.166666666666667,5.0,4.239726027397261,3.8260869565217392,3.93312101910828,4.25,4.25,4.05,4.05,3.9761904761904763,3.75,4.3125,4.5,3.93312101910828
281,3.142857142857143,1.5,4.25,2.5,2.5,3.4285714285714284,2.5,3.142857142857143,3.0,4.0,3.142857142857143,3.142857142857143,4.0,2.75,1.0,3.25,3.142857142857143,1.25,3.142857142857143,3.142857142857143
282,4.023936170212766,3.9680851063829787,4.051724137931035,4.428571428571429,4.333333333333333,3.8597560975609757,4.134615384615385,4.0,4.214285714285714,4.184210526315789,4.023936170212766,3.6,4.125,4.285714285714286,3.973684210526316,3.933333333333333,4.285714285714286,3.9680851063829787,4.1,4.5
283,3.3793103448275863,4.333333333333333,4.0,2.5,2.8,3.090909090909091,3.4285714285714284,3.3793103448275863,4.1,3.25,3.3793103448275863,4.0,5.0,3.3793103448275863,3.3793103448275863,3.111111111111111,4.0,3.75,5.0,3.3793103448275863
284,3.6714285714285713,3.5925925925925926,3.75,4.5,3.8,3.6341463414634148,3.1818181818181817,3.6714285714285713,3.3125,3.4,3.6714285714285713,3.6714285714285713,3.0,4.5,4.0,3.625,4.0,3.619047619047619,5.0,4.0
285,4.053571428571429,4.0,4.053571428571429,4.053571428571429,4.0,3.8333333333333335,4.416666666666667,4.053571428571429,4.025,4.053571428571429,5.0,4.5,4.053571428571429,3.5,4.5,3.5833333333333335,4.053571428571429,4.5,4.0,4.0
286,3.759493670886076,3.6,3.566666666666667,4.666666666666667,4.4,3.4074074074074074,4.0,3.759493670886076,3.9130434782608696,4.125,5.0,4.0625,3.5,4.25,4.0,3.357142857142857,3.230769230769231,3.925925925925926,4.125,3.0
287,2.564655172413793,1.6875,2.3846153846153846,1.5,1.4090909090909092,2.6481481481481484,3.0384615384615383,4.0,3.173469387755102,3.0,4.0,0.8,2.5,2.357142857142857,2.1666666666666665,2.6346153846153846,2.076923076923077,2.2,3.1,1.0
288,3.1317365269461077,3.015,3.114678899082569,3.289473684210526,3.138211382113821,3.140909090909091,3.2708333333333335,3.5,3.301169590643275,3.195,3.6666666666666665,2.6566265060240966,3.5714285714285716,3.25,2.9473684210526314,3.20703125,3.053956834532374,2.9887005649717513,3.3191489361702127,3.2580645161290325
289,3.526315789473684,2.8333333333333335,3.5,3.5,3.5,3.55,4.0,3.5,3.7857142857142856,3.6666666666666665,3.526315789473684,2.5,3.526315789473684,3.5,3.526315789473684,2.7,3.25,3.1666666666666665,4.75,3.5
290,4.171428571428572,4.269230769230769,4.354838709677419,4.0,4.25,4.0,4.228571428571429,4.25,4.2481203007518795,4.333333333333333,4.333333333333333,3.875,4.0,4.428571428571429,4.333333333333333,4.35,4.055555555555555,4.0227272727272725,4.55,4.5
291,4.269230769230769,4.384615384615385,4.2727272727272725,3.7142857142857144,4.0,3.5,5.0,4.269230769230769,4.0,4.153846153846154,4.269230769230769,4.269230769230769,4.666666666666667,4.269230769230769,5.0,5.0,4.5,4.25,4.0,4.269230769230769
292,3.338440111420613,3.5359116022099446,3.632867132867133,3.671875,3.625,3.1140350877192984,3.3275862068965516,3.5,3.15702479338843,3.533333333333333,3.338440111420613,2.6,3.686046511627907,3.5,3.3095238095238093,3.3125,3.477777777777778,3.399193548387097,3.6,3.25
293,2.6470588235294117,2.6666666666666665,3.0,2.5,2.5,2.4444444444444446,2.8,2.6470588235294117,3.0,3.0,3.0,3.0,2.6470588235294117,2.0,3.0,3.0,3.5,2.8333333333333335,3.0,2.6470588235294117
294,2.669491525423729,2.7252747252747254,2.7471264367816093,2.5833333333333335,2.125,2.611111111111111,2.8923076923076922,2.669491525423729,2.923076923076923,2.9,2.3333333333333335,3.2,2.669491525423729,2.4375,2.6153846153846154,2.4,2.8541666666666665,2.625,3.0,2.6
295,3.764705882352941,3.4,3.0,3.764705882352941,4.5,4.0,4.21875,3.764705882352941,4.2631578947368425,5.0,3.764705882352941,2.75,5.0,3.764705882352941,5.0,4.5,2.75,3.75,5.0,3.5
296,4.5,3.6666666666666665,2.9166666666666665,4.75,5.0,4.833333333333333,4.9,4.5,4.75,3.75,4.2727272727272725,4.2727272727272725,3.0,4.2727272727272725,5.0,5.0,2.7,4.75,4.8,5.0
297,2.5,2.2142857142857144,1.875,2.5,2.5,2.5,3.526315789473684,2.5,2.6153846153846154,1.0,4.0,1.75,3.0,2.5,2.6363636363636362,2.0,1.625,2.4074074074074074,3.0,2.5
298,2.310646900269542,2.480603448275862,2.4970588235294118,2.8375,1.8571428571428572,2.1844059405940595,2.6519607843137254,2.9444444444444446,2.3507462686567164,2.2865168539325844,3.5,2.3289473684210527,2.2872340425531914,2.55,2.475609756097561,1.874015748031496,2.636986301369863,2.425675675675676,2.6176470588235294,2.3333333333333335
299,3.5714285714285716,3.6666666666666665,3.5,3.5714285714285716,3.0,4.0,3.5,3.5714285714285716,4.0,2.5,3.5714285714285716,3.5714285714285716,3.5714285714285716,3.5714285714285716,3.0,3.0,3.4,3.4285714285714284,4.0,4.0
300,4.195652173913044,4.0,5.0,4.195652173913044,4.195652173913044,4.0,4.214285714285714,4.195652173913044,4.2894736842105265,5.0,4.0,3.5,3.5,4.195652173913044,3.8333333333333335,4.0,3.6666666666666665,4.277777777777778,4.333333333333333,3.5
301,3.253012048192771,2.48,2.8055555555555554,3.5,3.142857142857143,3.185185185185185,4.0,3.253012048192771,3.7777777777777777,3.1,3.253012048192771,0.8333333333333334,3.1666666666666665,3.0,4.083333333333333,3.225,2.7142857142857144,3.046875,2.6666666666666665,4.5
302,3.88,3.8,3.8333333333333335,3.88,3.88,3.75,4.0,3.88,4.2,3.88,3.88,3.88,3.88,3.88,3.5,3.5,4.0,3.6666666666666665,4.0,3.0
303,3.8088235294117645,4.323529411764706,4.25,3.8088235294117645,5.0,3.4375,3.0,3.8088235294117645,3.1363636363636362,3.0,3.8088235294117645,3.75,5.0,3.8088235294117645,3.5,2.6666666666666665,4.2,3.772727272727273,3.0,3.8088235294117645
304,3.8092485549132946,3.7313432835820897,3.8653846153846154,3.857142857142857,3.772727272727273,3.772727272727273,3.5,3.8092485549132946,3.8805970149253732,3.8333333333333335,3.8092485549132946,3.5,4.0,3.75,3.8333333333333335,3.893617021276596,3.973684210526316,3.761904761904762,4.333333333333333,3.5714285714285716
305,3.916360294117647,3.8008474576271185,3.6278195488721803,3.95,3.685185185185185,4.03030303030303,4.156779661016949,3.916360294117647,3.9897119341563787,3.4285714285714284,4.0,4.163265306122449,3.369565217391304,4.1,3.75,3.707547169811321,3.75,3.8203125,4.375,4.461538461538462
306,3.3195876288659796,3.4210526315789473,3.5517241379310347,3.609375,3.482142857142857,3.440677966101695,4.25,3.3195876288659796,3.107142857142857,3.2777777777777777,3.3195876288659796,2.973684210526316,3.357142857142857,3.4166666666666665,3.25,3.4782608695652173,3.2777777777777777,2.9166666666666665,3.3195876288659796,3.0
307,2.677336747759283,2.7896825396825395,3.029166666666667,3.342857142857143,2.763888888888889,2.5709134615384617,3.101769911504425,2.0,3.0492700729927007,2.951219512195122,3.5,2.0130434782608697,3.423076923076923,3.0256410256410255,2.7711864406779663,2.689655172413793,2.8134328358208953,2.6676136363636362,3.1153846153846154,3.375
308,2.4642857142857144,1.967741935483871,3.282051282051282,3.25,3.217391304347826,2.6875,1.0666666666666667,2.0,2.085714285714286,3.6956521739130435,2.4642857142857144,0.75,3.6363636363636362,3.2857142857142856,1.2857142857142858,2.7857142857142856,2.8666666666666667,1.5681818181818181,1.2,2.4642857142857144
309,3.7976190476190474,3.772727272727273,3.8529411764705883,4.0,3.75,4.1,3.78125,3.7976190476190474,3.805084745762712,3.5625,3.857142857142857,2.875,2.25,4.5,3.5,3.888888888888889,3.25,3.5681818181818183,4.153846153846154,4.25
310,3.4215686274509802,3.0294117647058822,2.5555555555555554,4.2,4.2,3.189655172413793,3.1,4.0,3.6842105263157894,3.5,3.4215686274509802,2.0,3.4215686274509802,3.5,3.8333333333333335,3.227272727272727,3.0,2.357142857142857,4.75,4.0
311,2.2916666666666665,2.4,3.125,3.0,3.0,1.5454545454545454,2.5,2.2916666666666665,2.269230769230769,1.6666666666666667,2.2916666666666665,2.2916666666666665,3.5,2.0,2.2916666666666665,1.7857142857142858,3.0,3.0,1.75,2.75
312,3.699421965317919,3.4915254237288136,3.5714285714285716,3.699421965317919,4.0,3.515151515151515,3.8076923076923075,5.0,3.9420289855072466,3.8333333333333335,4.2,3.4716981132075473,4.0,3.6666666666666665,3.52,3.9411764705882355,3.5714285714285716,3.536231884057971,4.368421052631579,3.6666666666666665
313,3.407017543859649,3.4761904761904763,3.404494382022472,2.769230769230769,2.4583333333333335,2.8795180722891565,3.5918367346938775,3.407017543859649,3.546666666666667,3.1607142857142856,3.25,3.759259259259259,4.0,2.8333333333333335,3.52,3.2222222222222223,3.3846153846153846,3.679611650485437,3.3333333333333335,2.6
314,3.0096153846153846,2.775,2.6666666666666665,3.1666666666666665,3.2,3.076923076923077,2.9375,3.0096153846153846,3.4210526315789473,3.230769230769231,3.0096153846153846,2.8333333333333335,3.6666666666666665,3.2,2.8333333333333335,3.3043478260869565,2.857142857142857,2.6129032258064515,3.8333333333333335,2.3333333333333335
315,3.3333333333333335,3.0,3.1666666666666665,3.0,3.0,3.375,3.3333333333333335,3.3333333333333335,3.8461538461538463,3.3333333333333335,3.3333333333333335,2.0,3.3333333333333335,3.2,3.3333333333333335,4.0,2.5,2.0,3.6666666666666665,3.0
316,2.9444444444444446,2.730769230769231,2.5714285714285716,2.1666666666666665,2.3333333333333335,2.9130434782608696,3.2222222222222223,2.9444444444444446,3.0416666666666665,2.7857142857142856,3.5,2.9375,2.9444444444444446,2.625,3.3,2.3333333333333335,3.1666666666666665,3.1,2.9444444444444446,2.9444444444444446
317,3.7320261437908497,3.6511627906976742,3.111111111111111,2.0,2.0,3.7142857142857144,3.9322033898305087,3.8333333333333335,3.7857142857142856,2.6666666666666665,3.0,3.3333333333333335,3.5454545454545454,4.0,3.7222222222222223,4.3125,3.4375,3.71875,3.9285714285714284,3.0
318,5.0,3.556149732620321,3.545138888888889,3.7464788732394365,3.730769230769231,3.810502283105023,3.7777777777777777,4.033783783783784,3.8313253012048194,3.5894736842105264,3.8,3.3125,3.6020408163265305,3.6041666666666665,3.685483870967742,3.7093023255813953,3.546153846153846,3.641935483870968,3.8974358974358974,4.1875
319,4.5,4.45,4.45,4.611111111111111,4.642857142857143,4.3125,4.785714285714286,4.5,4.5588235294117645,4.0,4.5,4.5,4.428571428571429,4.5,5.0,4.222222222222222,4.4375,4.75,4.5,4.5
320,3.6333333333333333,3.7083333333333335,3.5833333333333335,3.625,3.5,3.5833333333333335,3.75,4.0,3.75,3.75,3.6333333333333333,4.0,3.8333333333333335,3.6333333333333333,4.0,3.5,3.6666666666666665,3.5,3.6333333333333333,3.6333333333333333
321,3.6,3.6875,3.923076923076923,3.5,3.4285714285714284,3.5416666666666665,3.625,3.6,3.8666666666666667,3.7142857142857144,3.6,4.0,3.6666666666666665,3.5,3.6666666666666665,3.6153846153846154,3.7777777777777777,3.5555555555555554,4.0,3.6
322,3.4444444444444446,3.5384615384615383,3.4642857142857144,2.875,3.1,3.3684210526315788,3.34375,4.0,3.489130434782609,3.0833333333333335,3.5,3.25,3.5,2.75,3.8333333333333335,3.5789473684210527,3.5,3.772727272727273,3.9,3.4444444444444446
323,3.19375,2.9583333333333335,3.35,3.8,3.5555555555555554,3.289473684210526,3.392857142857143,3.19375,3.3068181818181817,3.25,3.19375,2.875,2.9285714285714284,4.0,3.375,3.05,2.9166666666666665,3.227272727272727,3.3333333333333335,2.5
324,3.176470588235294,4.0,3.0,3.176470588235294,3.176470588235294,3.2,3.4,3.176470588235294,3.111111111111111,3.0,3.176470588235294,3.176470588235294,3.176470588235294,4.0,3.176470588235294,3.3333333333333335,3.5,3.0,3.176470588235294,2.0
325,3.5277777777777777,3.230769230769231,3.3333333333333335,3.3333333333333335,3.5,3.2325581395348837,3.738095238095238,3.5277777777777777,3.792079207920792,3.52,4.444444444444445,3.619047619047619,3.5277777777777777,3.5,3.608695652173913,3.1714285714285713,3.6333333333333333,3.4444444444444446,3.625,3.5
326,4.0396825396825395,4.090909090909091,4.095238095238095,4.0396825396825395,4.0396825396825395,3.65625,4.1911764705882355,4.5,4.12,3.25,3.0,4.166666666666667,3.5,4.0396825396825395,3.357142857142857,3.9285714285714284,4.1,4.095744680851064,4.325,4.5
327,4.0875,3.0833333333333335,3.25,3.1666666666666665,4.0,4.130434782608695,3.730769230769231,4.0875,4.233333333333333,3.0,4.0875,3.6666666666666665,4.0,2.0,4.166666666666667,4.642857142857143,4.25,3.625,5.0,5.0
328,3.265151515151515,3.0859375,3.191780821917808,3.1777777777777776,3.4019607843137254,3.2733333333333334,3.1515151515151514,3.265151515151515,3.291044776119403,3.5,3.265151515151515,3.7,2.738095238095238,3.2857142857142856,2.8333333333333335,3.1206896551724137,3.1707317073170733,2.9054054054054053,3.0625,2.5
329,2.9375,1.25,1.25,2.9375,2.9375,3.0833333333333335,2.4285714285714284,2.9375,3.5714285714285716,2.75,3.0,4.0,2.9375,5.0,2.6666666666666665,2.9375,2.9375,3.25,3.0,2.0
330,3.6887254901960786,3.5846153846153848,3.642857142857143,3.8846153846153846,3.6818181818181817,3.611842105263158,3.8378378378378377,3.6887254901960786,3.8238636363636362,3.5535714285714284,3.6887254901960786,4.111111111111111,3.8333333333333335,3.8181818181818183,3.861111111111111,3.759259259259259,3.3461538461538463,3.5892857142857144,3.9615384615384617,4.125
331,3.6455223880597014,3.4464285714285716,3.433333333333333,3.3666666666666667,3.375,3.6739130434782608,4.015151515151516,2.5,4.052631578947368,3.357142857142857,3.6455223880597014,3.6666666666666665,3.892857142857143,3.0,3.55,3.425,3.4285714285714284,3.6627906976744184,3.642857142857143,5.0
332,3.572429906542056,3.3833333333333333,3.475806451612903,3.772727272727273,3.8333333333333335,3.581818181818182,3.7804878048780486,4.0,3.737623762376238,3.5454545454545454,3.875,3.625,3.5,4.0,3.8823529411764706,3.75,3.1272727272727274,3.5078125,3.761904761904762,3.1
333,2.6842105263157894,3.5,2.75,2.6842105263157894,1.0,2.4,3.0,2.6842105263157894,3.3333333333333335,1.0,2.6842105263157894,2.6842105263157894,2.6842105263157894,2.6842105263157894,2.6842105263157894,3.6666666666666665,2.0,2.0,3.0,4.0
334,3.3984375,3.391891891891892,3.51,3.6818181818181817,3.6315789473684212,3.5161290322580645,3.4583333333333335,3.3984375,3.4270833333333335,3.62,3.3984375,2.95,3.4285714285714284,3.125,2.8333333333333335,3.6285714285714286,3.391304347826087,3.0833333333333335,3.1,3.5
335,3.642857142857143,4.3,4.666666666666667,3.642857142857143,3.642857142857143,2.7222222222222223,3.8,3.642857142857143,3.642857142857143,3.642857142857143,3.642857142857143,3.642857142857143,3.642857142857143,3.642857142857143,5.0,3.7,4.0,4.5,3.5,4.0
336,4.340909090909091,4.305555555555555,4.1875,3.875,4.333333333333333,4.233333333333333,4.5,4.340909090909091,4.434782608695652,4.0,4.0,4.25,4.0,2.5,4.3,4.153846153846154,5.0,4.3076923076923075,4.25,5.0
337,4.1911764705882355,4.470588235294118,4.25,4.0,4.2,3.75,4.2,4.1911764705882355,4.28125,4.4,4.1911764705882355,4.0,4.1911764705882355,4.0,4.5,4.428571428571429,4.375,4.3478260869565215,5.0,4.0
338,2.84375,2.4545454545454546,2.2857142857142856,1.5,2.0,3.2,4.0,2.0,3.2857142857142856,2.5,2.84375,2.5,2.5,2.84375,3.0,2.75,1.9166666666666667,3.35,3.6666666666666665,2.84375
339,4.048986486486487,3.759259259259259,3.7333333333333334,3.9705882352941178,3.736842105263158,3.945945945945946,4.298076923076923,4.05,4.234939759036145,3.393939393939394,4.333333333333333,4.0476190476190474,3.206896551724138,3.1666666666666665,4.152777777777778,4.219512195121951,3.9716981132075473,4.211956521739131,4.17741935483871,4.0
340,4.3478260869565215,4.357142857142857,4.6,4.0,4.0,4.0,4.285714285714286,4.3478260869565215,4.4,4.0,4.3478260869565215,4.3478260869565215,4.5,4.0,4.0,4.0,4.571428571428571,4.230769230769231,4.5,5.0
341,3.9146341463414633,3.8666666666666667,4.035714285714286,4.0,3.8333333333333335,3.8035714285714284,4.25,3.9146341463414633,3.909090909090909,4.0,3.9146341463414633,4.0,4.0,3.0,5.0,3.642857142857143,3.7142857142857144,4.111111111111111,4.0,3.5
342,2.888888888888889,3.2,3.0,3.0,2.2857142857142856,2.8461538461538463,3.2857142857142856,2.888888888888889,3.0,2.25,2.888888888888889,2.7142857142857144,2.888888888888889,2.888888888888889,3.0,2.5714285714285716,2.5,3.3125,2.888888888888889,2.0
343,3.9893617021276597,3.6666666666666665,3.7916666666666665,3.5833333333333335,4.25,3.8461538461538463,3.96875,4.333333333333333,4.1,3.75,4.0,3.625,3.9893617021276597,3.9893617021276597,3.7,3.8333333333333335,3.888888888888889,4.071428571428571,5.0,5.0
344,3.7454545454545456,4.208333333333333,4.326086956521739,4.5,4.357142857142857,4.09375,3.642857142857143,3.7454545454545456,3.263157894736842,4.142857142857143,1.5,1.75,3.9285714285714284,4.5,2.7777777777777777,3.8846153846153846,4.119047619047619,3.1666666666666665,4.5,4.75
345,3.83,4.0,3.9166666666666665,3.83,3.83,3.736842105263158,3.0,3.83,3.814814814814815,4.166666666666667,3.83,3.65,3.83,5.0,3.375,3.9444444444444446,4.0,3.5714285714285716,4.25,3.83
346,3.6948529411764706,3.3076923076923075,3.3333333333333335,4.0,3.6948529411764706,3.370967741935484,3.606060606060606,4.0,3.75,3.55,3.8333333333333335,3.925,3.6948529411764706,3.6948529411764706,3.8125,3.8095238095238093,3.25,3.6904761904761907,4.0,3.5
347,3.6470588235294117,3.4615384615384617,3.6666666666666665,4.333333333333333,4.0,3.8333333333333335,3.0,3.6470588235294117,3.7777777777777777,4.0,3.6470588235294117,4.0,4.0,4.0,3.3333333333333335,3.8,3.5,3.6363636363636362,3.5,3.0
348,4.6395348837209305,4.458333333333333,4.5,4.6395348837209305,4.6395348837209305,4.722222222222222,4.733333333333333,4.0,4.648148148148148,4.7,4.6395348837209305,4.666666666666667,4.75,4.5,4.625,4.857142857142857,4.833333333333333,4.818181818181818,4.666666666666667,4.0
349,3.823529411764706,3.9,3.6666666666666665,3.6666666666666665,3.8,3.909090909090909,4.0,3.823529411764706,3.8333333333333335,3.25,3.823529411764706,5.0,3.5,3.6666666666666665,3.823529411764706,3.9,3.5,3.7857142857142856,4.0,3.5
350,3.303030303030303,3.4,3.4,3.3333333333333335,3.25,3.2142857142857144,3.0,3.303030303030303,3.2,3.2,3.303030303030303,3.0,3.303030303030303,3.0,3.5,3.0,3.875,3.3846153846153846,3.303030303030303,3.303030303030303
351,3.6371681415929205,3.5476190476190474,3.6666666666666665,3.5,3.1666666666666665,3.44,4.0,3.6371681415929205,3.77027027027027,3.3333333333333335,4.0,3.3529411764705883,3.4285714285714284,4.0,3.5,3.6363636363636362,3.6,3.619047619047619,4.0,3.6371681415929205
352,3.7745535714285716,3.596774193548387,3.75,3.9285714285714284,3.2142857142857144,3.3541666666666665,3.871794871794872,3.7745535714285716,3.88659793814433,3.5142857142857142,3.0,4.018518518518518,3.859375,3.1666666666666665,4.0,3.6666666666666665,3.7714285714285714,3.797752808988764,4.625,3.875
353,3.5384615384615383,3.269230769230769,3.3125,4.0,3.75,3.375,3.9444444444444446,5.0,3.869565217391304,3.6,3.5384615384615383,3.7142857142857144,4.0,3.6666666666666665,3.75,3.1538461538461537,2.8,4.041666666666667,3.6666666666666665,3.5
354,3.7527173913043477,3.68125,3.5096153846153846,3.0714285714285716,3.5,3.642857142857143,3.9285714285714284,3.6666666666666665,3.8424657534246576,3.55,4.5,3.764705882352941,2.888888888888889,3.6666666666666665,3.875,3.870967741935484,3.6979166666666665,3.7333333333333334,3.7222222222222223,3.6666666666666665
355,3.85,4.0,3.857142857142857,3.0,3.0,3.5833333333333335,4.0,3.85,3.6666666666666665,3.0,3.85,3.85,3.85,5.0,5.0,4.0,4.0,4.333333333333333,3.0,3.85
356,3.997685185185185,3.826530612244898,3.911111111111111,3.875,4.416666666666667,4.018382352941177,4.148648648648648,3.997685185185185,4.052884615384615,3.5625,4.25,4.375,3.857142857142857,3.5625,3.9285714285714284,4.0625,4.051724137931035,4.0,3.85,4.5
357,3.9515570934256057,3.810810810810811,3.9056603773584904,3.96,3.975609756097561,3.794573643410853,3.988372093023256,4.305555555555555,4.051470588235294,4.011627906976744,3.75,4.03125,4.125,4.155172413793103,4.083333333333333,3.9276315789473686,3.75,3.875,4.05,3.8333333333333335
358,3.234375,2.75,2.8,4.0,4.0,3.076923076923077,0.5,0.75,3.4523809523809526,4.125,3.234375,4.0,3.234375,2.25,4.25,3.772727272727273,4.0,2.4,0.5,3.234375
359,3.390909090909091,2.8214285714285716,3.2,4.25,3.75,3.1944444444444446,3.6,3.390909090909091,3.78125,3.1,3.390909090909091,2.1666666666666665,3.5,2.6666666666666665,3.6666666666666665,3.607142857142857,3.090909090909091,3.3055555555555554,4.75,4.0
360,3.45,3.8333333333333335,3.45,3.45,1.0,3.0,4.0,3.45,3.4545454545454546,5.0,3.45,2.5,3.45,3.45,3.8,2.25,2.0,3.4615384615384617,5.0,3.45
361,3.18,3.234375,3.0,3.0,2.6666666666666665,3.4411764705882355,3.066666666666667,3.18,3.0,3.0833333333333335,2.0,2.625,3.7,3.5,3.3333333333333335,3.4545454545454546,2.7,3.1666666666666665,2.75,3.18
362,4.247191011235955,4.21875,4.222222222222222,4.1,4.0,4.0,4.282051282051282,4.247191011235955,4.3522727272727275,4.444444444444445,4.333333333333333,4.318181818181818,3.8125,4.333333333333333,4.2,4.3,4.166666666666667,4.243243243243243,4.5,4.875
363,3.325,3.0714285714285716,2.857142857142857,2.0,2.0,3.642857142857143,3.875,3.325,3.7857142857142856,2.75,3.325,2.5,3.325,3.325,3.325,3.8333333333333335,2.6666666666666665,2.8,3.325,3.325
364,4.2,4.142857142857143,4.2,3.0,4.0,4.5,5.0,4.2,4.25,5.0,4.2,4.2,4.2,4.0,4.0,3.0,3.75,4.5,4.2,4.2
365,2.7545045045045047,2.844155844155844,2.7314814814814814,2.1666666666666665,2.3,2.975206611570248,2.872093023255814,1.25,2.6194029850746268,2.75,2.7545045045045047,2.076923076923077,2.7045454545454546,2.3,2.0416666666666665,2.472972972972973,2.763888888888889,2.3205128205128207,2.9,3.5
366,3.923076923076923,3.85,3.9,3.75,4.0,3.375,4.125,3.923076923076923,4.3,4.375,3.0,3.923076923076923,4.0,3.923076923076923,4.0,3.923076923076923,3.4166666666666665,3.909090909090909,4.25,3.923076923076923
367,3.8533333333333335,3.9444444444444446,4.083333333333333,3.8181818181818183,4.238095238095238,3.6941176470588237,4.181818181818182,3.8533333333333335,3.9696969696969697,3.8461538461538463,4.0,4.125,4.0,3.8,3.8,3.8536585365853657,4.076923076923077,4.25,3.0,3.75
368,2.831168831168831,2.6534653465346536,2.7674418604651163,2.831168831168831,2.25,2.7611940298507465,2.8863636363636362,2.831168831168831,3.1073825503355703,2.3157894736842106,3.5,2.6363636363636362,2.831168831168831,2.7142857142857144,2.9047619047619047,2.8181818181818183,2.606060606060606,2.8128342245989306,3.1666666666666665,3.1
369,3.3872549019607843,3.274193548387097,3.2,3.8333333333333335,2.25,3.490566037735849,3.625,3.3333333333333335,3.4814814814814814,3.0,3.3872549019607843,3.3872549019607843,3.3333333333333335,3.0,3.857142857142857,3.25,3.35,3.5,3.4,3.0
370,3.5652173913043477,3.4482758620689653,3.4210526315789473,3.4,3.25,3.6911764705882355,3.4285714285714284,3.5,3.7045454545454546,3.3846153846153846,4.0,3.625,3.375,3.5652173913043477,3.6666666666666665,3.6666666666666665,3.2777777777777777,3.575,3.5652173913043477,3.5652173913043477
371,4.5,4.416666666666667,4.533333333333333,4.681818181818182,4.25,4.375,4.375,4.5,4.791666666666667,4.444444444444445,4.5,4.625,4.75,4.25,4.625,4.7,4.7,4.611111111111111,4.5,4.5
372,3.3085106382978724,3.6153846153846154,3.2162162162162162,2.6,2.75,3.2,3.625,3.0,3.2790697674418605,3.1666666666666665,3.0,3.466666666666667,3.6666666666666665,2.909090909090909,3.5625,3.641025641025641,3.217391304347826,3.4482758620689653,3.8333333333333335,3.5
373,3.3974358974358974,2.7058823529411766,2.923076923076923,4.4,3.4545454545454546,2.782608695652174,3.923076923076923,3.3974358974358974,3.891891891891892,3.75,3.3974358974358974,3.75,5.0,5.0,4.0,3.1875,2.727272727272727,3.5416666666666665,3.5,3.0
374,3.5925925925925926,3.5384615384615383,3.533333333333333,3.0,3.0,4.25,3.5,3.5925925925925926,3.7142857142857144,4.5,3.5925925925925926,4.0,3.0,3.0,3.5925925925925926,4.5,3.6666666666666665,3.8461538461538463,4.0,3.0
375,3.9107142857142856,3.6818181818181817,4.071428571428571,3.1666666666666665,3.1666666666666665,3.875,4.333333333333333,3.9107142857142856,4.266666666666667,3.0,3.9107142857142856,5.0,3.0,3.0,4.666666666666667,3.5,3.1,3.75,4.5,3.9107142857142856
376,4.009433962264151,4.008928571428571,3.9375,4.357142857142857,4.222222222222222,3.742857142857143,4.2894736842105265,4.009433962264151,3.980769230769231,4.045454545454546,4.0,3.6,4.125,3.5,4.409090909090909,3.8333333333333335,4.083333333333333,4.175675675675675,4.285714285714286,4.25
377,3.963302752293578,4.195652173913044,4.333333333333333,4.125,3.409090909090909,3.6447368421052633,3.5,4.0,4.060975609756097,4.157894736842105,4.0,3.8333333333333335,4.5,3.125,4.875,3.611111111111111,4.1911764705882355,3.769230769230769,4.05,4.333333333333333
378,3.9642857142857144,3.6785714285714284,4.045454545454546,4.25,4.25,3.8125,4.0,3.9642857142857144,3.923076923076923,4.214285714285714,3.9642857142857144,3.25,4.357142857142857,3.9642857142857144,4.4,3.5,4.142857142857143,3.911764705882353,4.0,3.0
379,3.4827586206896552,3.3076923076923075,3.75,3.0,4.0,3.0,2.7142857142857144,3.4827586206896552,4.166666666666667,2.0,3.4827586206896552,3.0,4.0,3.0,3.0,3.6,3.75,3.3846153846153846,4.666666666666667,5.0
380,4.0,3.7055888223552893,3.76840490797546,3.9427480916030535,3.6161971830985915,3.6717171717171717,3.7393939393939393,4.0,3.7274590163934427,3.6236263736263736,4.5,3.45625,3.680327868852459,3.9125,3.651898734177215,3.5714285714285716,3.796934865900383,3.6082191780821917,3.923076923076923,4.055555555555555
381,3.5582655826558267,3.3461538461538463,3.507042253521127,3.780701754385965,3.588235294117647,3.4874213836477987,3.742424242424242,3.8333333333333335,3.7748091603053435,3.4947368421052634,3.5582655826558267,3.5,3.5625,3.7115384615384617,3.727272727272727,3.6527777777777777,3.323943661971831,3.573170731707317,4.0,3.2
382,3.5466101694915255,3.5045454545454544,3.737623762376238,3.56,3.588235294117647,3.1306818181818183,3.810344827586207,3.5466101694915255,4.151785714285714,3.86046511627907,3.5466101694915255,3.0384615384615383,4.092592592592593,3.875,4.0,3.825,3.4711538461538463,3.7279411764705883,4.5,4.5
383,3.75,3.5,4.0,3.75,3.75,3.5,3.3333333333333335,3.75,3.9545454545454546,3.75,3.75,3.0,4.0,3.75,3.3333333333333335,4.0,4.0,3.3333333333333335,4.5,3.75
384,3.0793650793650795,2.6153846153846154,3.9,4.0,3.3333333333333335,3.04,3.9,3.0793650793650795,3.1379310344827585,3.6666666666666665,3.0793650793650795,2.2,3.0793650793650795,3.0793650793650795,3.0,3.5,2.875,3.263157894736842,4.0,2.5
385,3.4,3.369565217391304,3.4473684210526314,3.3333333333333335,3.0434782608695654,3.3275862068965516,3.413793103448276,5.0,3.352112676056338,3.272727272727273,3.0,3.6,3.6666666666666665,3.2941176470588234,3.25,3.176470588235294,3.642857142857143,3.25,3.6,3.4
386,2.759259259259259,2.4375,2.5294117647058822,3.0,3.3333333333333335,3.0588235294117645,2.823529411764706,2.759259259259259,2.8333333333333335,2.0,2.759259259259259,3.5,2.759259259259259,3.0,2.8,3.0,2.4,2.75,3.0,3.3333333333333335
387,3.2710843373493974,3.176470588235294,3.2129032258064516,3.4473684210526314,2.836734693877551,3.0102389078498293,3.458064516129032,3.5,3.5326975476839237,3.210843373493976,4.176470588235294,3.0736434108527133,3.4166666666666665,3.106060606060606,3.595505617977528,3.2956521739130435,3.2857142857142856,3.4065040650406506,3.625,3.1842105263157894
388,3.5555555555555554,4.166666666666667,4.233333333333333,4.142857142857143,3.7777777777777777,3.9523809523809526,3.75,3.5555555555555554,1.0,3.7142857142857144,3.5555555555555554,3.5555555555555554,5.0,3.0,2.0,3.4166666666666665,2.0,2.75,3.5555555555555554,3.5555555555555554
389,4.178571428571429,4.153846153846154,4.4,5.0,5.0,3.6666666666666665,4.2,4.178571428571429,4.428571428571429,4.5,4.178571428571429,4.178571428571429,4.178571428571429,4.178571428571429,4.0,4.5,5.0,4.5,4.178571428571429,4.178571428571429
390,3.8455882352941178,3.6538461538461537,4.071428571428571,4.7,3.8333333333333335,3.5277777777777777,3.5,4.5,3.86,4.333333333333333,3.8455882352941178,4.0,2.5,3.8333333333333335,4.0,4.138888888888889,4.05,4.071428571428571,4.375,3.5
391,3.676375404530744,3.1527777777777777,3.375,3.8181818181818183,3.9285714285714284,3.72,3.7169811320754715,4.333333333333333,3.8645161290322583,4.090909090909091,4.8,3.0,3.6666666666666665,3.7142857142857144,3.7941176470588234,3.8333333333333335,3.2325581395348837,3.3333333333333335,4.076923076923077,3.3333333333333335
392,3.1666666666666665,3.3333333333333335,3.5,3.1666666666666665,3.1666666666666665,3.2,2.8,3.1666666666666665,3.1818181818181817,4.0,3.1666666666666665,3.0,3.1666666666666665,3.1666666666666665,3.1666666666666665,3.0,2.6666666666666665,2.8,3.1666666666666665,3.1666666666666665
393,3.7783505154639174,3.9107142857142856,4.2631578947368425,4.25,4.0,3.3333333333333335,3.875,3.7783505154639174,3.5555555555555554,4.7727272727272725,0.5,3.9,4.394736842105263,3.7783505154639174,3.323529411764706,3.125,3.642857142857143,3.7058823529411766,3.625,3.7783505154639174
394,3.125,3.0,2.3333333333333335,3.125,3.125,2.8,3.4,3.125,3.6,3.0,3.125,3.125,3.0,3.125,5.0,3.0,1.5,3.6666666666666665,5.0,3.0
395,3.0,3.235294117647059,3.0,2.5,2.55,3.176470588235294,3.2,3.0,2.769230769230769,2.6,3.0,3.0,3.0,2.5,5.0,3.2222222222222223,3.6666666666666665,3.4,2.5,3.5
396,3.238095238095238,1.5,3.8333333333333335,4.0625,4.0625,3.85,3.3,3.238095238095238,3.3125,3.7,3.238095238095238,3.238095238095238,3.238095238095238,3.5,2.4,2.9166666666666665,2.0,2.4285714285714284,3.238095238095238,3.238095238095238
397,3.9,4.0,4.0,3.9,2.0,3.8333333333333335,3.6,3.9,4.181818181818182,3.9,3.9,3.9,3.9,3.9,3.875,4.6,4.0,4.0,4.0,3.9
398,4.302631578947368,3.9166666666666665,4.458333333333333,4.75,5.0,4.5,3.0,4.833333333333333,4.382352941176471,4.666666666666667,4.302631578947368,3.5,3.0,5.0,3.1666666666666665,4.3,3.642857142857143,2.9166666666666665,4.302631578947368,4.0
399,4.033333333333333,3.84375,4.5625,4.4,4.4,4.166666666666667,3.9,4.033333333333333,3.772727272727273,4.3,4.033333333333333,4.5,2.5,4.033333333333333,4.5,3.5,4.055555555555555,4.333333333333333,3.875,4.033333333333333
400,4.5,4.433333333333334,4.090909090909091,4.5,4.5,4.3,4.8076923076923075,4.5,4.625,4.25,4.5,4.5,4.0,4.5,4.7,4.5,4.269230769230769,4.666666666666667,4.5,4.5
401,3.646551724137931,3.6923076923076925,3.6,3.725,3.7051282051282053,3.642857142857143,3.5,3.646551724137931,3.6818181818181817,3.5416666666666665,3.646551724137931,4.5,3.6363636363636362,3.7222222222222223,3.5,3.75,3.95,4.5,3.5,3.646551724137931
402,3.926829268292683,4.1,4.222222222222222,4.0,4.0,3.75,4.111111111111111,3.926829268292683,3.764705882352941,5.0,3.926829268292683,5.0,4.0,3.6666666666666665,3.926829268292683,4.166666666666667,4.2,4.285714285714286,4.0,3.926829268292683
403,3.7419354838709675,3.6,3.2142857142857144,3.0,3.0,3.5,4.0,3.7419354838709675,4.0,3.5,3.7419354838709675,3.5,3.7419354838709675,3.7419354838709675,3.8,3.5,3.3,3.772727272727273,3.75,4.0
404,3.42,3.3125,3.375,3.5,3.5,3.5,3.5714285714285716,3.42,3.413793103448276,3.0,3.42,3.3333333333333335,3.0,3.5,3.0,3.466666666666667,3.2,3.388888888888889,3.6666666666666665,3.25
405,4.005,4.0,3.909090909090909,3.5,4.005,3.82,4.05,4.005,4.015384615384615,3.909090909090909,4.4,3.85,4.5,3.0,4.24,4.0625,3.9473684210526314,4.175675675675675,4.166666666666667,4.0
406,3.3,2.8333333333333335,3.5,2.25,1.875,4.214285714285714,3.3,3.3,3.3333333333333335,2.1666666666666665,3.3,2.8333333333333335,3.3,1.5,2.0,5.0,3.5,2.8333333333333335,3.3,3.3
407,4.222222222222222,4.214285714285714,4.3,3.5,3.5,4.0,4.2,4.222222222222222,4.166666666666667,4.6,4.222222222222222,4.222222222222222,4.5,4.222222222222222,5.0,4.222222222222222,4.333333333333333,4.0,4.0,4.222222222222222
408,4.115384615384615,4.046153846153846,4.181818181818182,5.0,3.6666666666666665,4.095238095238095,4.18,4.115384615384615,4.285714285714286,4.18,4.115384615384615,3.0,4.066666666666666,3.8333333333333335,4.125,4.4375,3.9074074074074074,4.136363636363637,4.25,4.0
409,3.79,3.8181818181818183,4.0,3.79,4.5,3.716666666666667,4.235294117647059,5.0,3.7777777777777777,4.25,3.79,3.142857142857143,3.79,4.25,2.3333333333333335,3.9166666666666665,4.2,3.4615384615384617,4.0,5.0
410,4.102362204724409,3.3333333333333335,3.6666666666666665,4.102362204724409,5.0,3.9315068493150687,4.111111111111111,4.5,4.219178082191781,3.888888888888889,4.3,3.0,4.102362204724409,4.666666666666667,4.3,3.914285714285714,4.0,4.0588235294117645,4.2,5.0
411,3.292452830188679,3.391304347826087,3.4705882352941178,3.3333333333333335,3.4285714285714284,3.0,3.4,5.0,3.4444444444444446,2.6,3.292452830188679,3.5,4.5,3.25,3.5,2.8666666666666667,3.3333333333333335,3.5714285714285716,4.2,3.75
412,3.7901234567901234,3.6923076923076925,3.5833333333333335,2.5,1.8333333333333333,3.7142857142857144,4.0,4.6,3.8214285714285716,3.6666666666666665,4.666666666666667,3.0,5.0,3.0,3.9166666666666665,4.0,3.5,3.75,3.7901234567901234,5.0
413,4.402439024390244,4.75,3.75,4.402439024390244,4.402439024390244,4.0,4.9411764705882355,4.402439024390244,4.675,2.75,4.402439024390244,5.0,4.402439024390244,4.402439024390244,5.0,4.0625,2.5,4.7272727272727275,5.0,3.75
414,4.0,3.2575471698113208,3.4194444444444443,3.7628865979381443,3.3943661971830985,3.28,3.455357142857143,3.619565217391304,3.5606060606060606,3.423076923076923,3.85,3.08,3.686046511627907,3.3705882352941177,3.4954545454545456,3.3972431077694236,3.4226190476190474,3.283266129032258,3.752688172043011,3.5238095238095237
415,4.051282051282051,3.8421052631578947,3.8214285714285716,4.0,4.0,3.875,4.4772727272727275,4.5,4.257142857142857,3.375,4.2,3.875,4.0,3.5,4.2272727272727275,3.9210526315789473,3.9166666666666665,4.195652173913044,4.833333333333333,4.25
416,3.034090909090909,2.1818181818181817,1.5555555555555556,0.5,1.0,3.0,3.4375,4.0,3.6739130434782608,2.7857142857142856,4.0,3.25,0.5,0.5,2.75,2.892857142857143,2.4,2.4444444444444446,3.0,3.034090909090909
417,4.482758620689655,4.375,4.454545454545454,4.0,4.333333333333333,4.611111111111111,4.4411764705882355,4.482758620689655,4.611111111111111,4.75,4.482758620689655,3.75,3.875,4.482758620689655,4.5,4.5625,4.461538461538462,4.568181818181818,4.5,4.482758620689655
418,3.5246913580246915,2.2142857142857144,2.86,0.5,1.6,3.08,3.3095238095238093,4.0,3.988888888888889,2.9411764705882355,3.0,3.0,2.7777777777777777,4.25,3.2,3.6538461538461537,3.1923076923076925,3.1458333333333335,4.166666666666667,3.5
419,3.773913043478261,3.696969696969697,3.53125,2.8333333333333335,1.125,3.8333333333333335,3.9318181818181817,4.375,3.792452830188679,2.8333333333333335,2.5,3.875,4.4,2.1666666666666665,3.8846153846153846,3.857142857142857,3.6470588235294117,3.841463414634146,4.041666666666667,3.773913043478261
420,3.8045454545454547,3.629032258064516,3.8666666666666667,3.8333333333333335,3.75,3.806122448979592,4.0,3.25,3.966666666666667,3.85,4.0,3.566666666666667,4.0,4.222222222222222,3.9166666666666665,3.9473684210526314,3.6875,3.78,3.8846153846153846,3.8045454545454547
421,4.1875,3.6666666666666665,4.25,3.0,3.0,3.875,4.833333333333333,4.1875,4.416666666666667,3.0,4.1875,5.0,4.1875,4.1875,4.5,4.333333333333333,4.5,4.666666666666667,4.5,3.75
422,3.3552631578947367,3.4444444444444446,3.3333333333333335,4.0,3.2,3.05,3.4444444444444446,3.3552631578947367,3.6875,3.25,4.333333333333333,2.727272727272727,3.3552631578947367,3.0,3.25,3.857142857142857,2.727272727272727,2.9411764705882355,4.0,4.0
423,3.5,2.4285714285714284,2.75,3.5,3.5,3.8,4.5,3.5,4.222222222222222,2.0,3.5,1.5,5.0,3.5,3.5,5.0,3.0,3.357142857142857,3.3333333333333335,3.5
424,3.6650943396226414,3.7333333333333334,2.3333333333333335,4.5,3.6650943396226414,3.484375,3.7794117647058822,3.6650943396226414,3.691666666666667,4.0,3.8333333333333335,3.9444444444444446,3.5,4.5,3.8275862068965516,3.5,2.9166666666666665,3.8333333333333335,4.25,4.5
425,3.543824701195219,3.495145631067961,3.404109589041096,3.2666666666666666,3.238095238095238,3.388235294117647,3.7941176470588234,3.543824701195219,3.69,3.4565217391304346,3.5,3.68,3.5,3.0625,3.761904761904762,3.4404761904761907,3.375,3.5934065934065935,3.8846153846153846,3.5
426,3.611111111111111,3.6153846153846154,3.9444444444444446,4.107142857142857,4.3,3.7941176470588234,3.05,3.611111111111111,3.5166666666666666,3.8125,3.611111111111111,3.611111111111111,4.5,4.083333333333333,2.3333333333333335,3.789473684210526,3.8333333333333335,2.611111111111111,5.0,3.611111111111111
427,3.0955882352941178,3.026315789473684,3.090909090909091,2.0,2.0,2.9,3.6666666666666665,3.75,3.21875,3.25,3.0955882352941178,1.6,3.0955882352941178,0.8333333333333334,4.0,3.125,2.888888888888889,3.3541666666666665,3.125,4.0
428,2.6887966804979255,2.6904761904761907,2.4,2.5789473684210527,1.826086956521739,2.453125,3.05,4.25,2.9375,2.725806451612903,4.0,2.896551724137931,3.1666666666666665,2.9444444444444446,3.0714285714285716,2.611111111111111,2.6857142857142855,2.962686567164179,3.35,2.5
429,4.066666666666666,4.0,4.0,4.5,4.0,4.1875,4.0,4.066666666666666,4.173913043478261,4.5,3.0,4.0,5.0,4.5,3.6666666666666665,4.3125,3.6,4.090909090909091,4.0,3.75
430,3.761904761904762,4.0,3.466666666666667,3.4,3.5,3.625,4.4,3.761904761904762,3.891304347826087,3.25,3.761904761904762,5.0,4.5,3.761904761904762,4.875,3.4444444444444446,3.6666666666666665,4.5,3.0,3.761904761904762
431,2.7333333333333334,2.4,2.25,2.7333333333333334,1.0,2.6875,5.0,2.7333333333333334,2.5,3.25,2.7333333333333334,2.7333333333333334,2.7333333333333334,2.7333333333333334,3.5,2.4285714285714284,2.25,3.5,2.7333333333333334,3.0
432,3.6285714285714286,3.5074626865671643,3.4607843137254903,3.6153846153846154,3.4705882352941178,3.1666666666666665,3.5918367346938775,3.6285714285714286,3.7982456140350878,3.625,3.5,3.8666666666666667,3.8846153846153846,4.5,3.7857142857142856,3.75,3.5697674418604652,3.585227272727273,3.892857142857143,4.5
433,4.029411764705882,3.5,4.0,4.029411764705882,4.029411764705882,4.625,4.2727272727272725,4.029411764705882,3.7777777777777777,4.029411764705882,4.029411764705882,4.0,4.5,4.029411764705882,4.0,5.0,5.0,4.0625,2.5,2.0
434,3.738219895287958,3.641891891891892,3.5491803278688523,3.911764705882353,3.4444444444444446,3.6186440677966103,4.046511627906977,4.0,3.94375,3.46,3.738219895287958,3.5,3.2142857142857144,3.6666666666666665,4.166666666666667,3.4074074074074074,3.6770833333333335,3.7142857142857144,4.076923076923077,3.25
435,4.291666666666667,4.166666666666667,3.9166666666666665,4.0,4.0,4.0,4.75,4.291666666666667,4.578947368421052,4.0,4.291666666666667,4.291666666666667,4.375,4.0,4.416666666666667,4.125,4.0,4.5,4.291666666666667,3.75
436,3.1785714285714284,2.9444444444444446,3.066666666666667,3.7142857142857144,3.4347826086956523,2.9761904761904763,2.857142857142857,3.1785714285714284,3.40625,3.4545454545454546,3.1785714285714284,3.0,3.5,3.8,4.0,3.1666666666666665,2.7142857142857144,3.176470588235294,4.333333333333333,3.0
437,3.7777777777777777,3.48,3.4705882352941178,3.7777777777777777,3.7777777777777777,3.7419354838709675,3.857142857142857,5.0,3.8636363636363638,4.0,3.7777777777777777,3.7777777777777777,4.0,3.7777777777777777,3.5,3.8,3.727272727272727,3.28,4.363636363636363,3.7777777777777777
438,3.360952380952381,3.408695652173913,3.4402985074626864,3.7285714285714286,3.6363636363636362,3.3644444444444446,3.4431818181818183,3.8333333333333335,3.3877005347593583,3.425925925925926,4.0,3.1666666666666665,3.923076923076923,3.475,3.1904761904761907,3.2100840336134455,3.2333333333333334,3.4261744966442955,3.25,3.5
439,4.105263157894737,3.8,4.071428571428571,4.0,4.0,4.25,4.75,4.0,4.416666666666667,4.333333333333333,4.105263157894737,4.105263157894737,4.0,4.105263157894737,4.105263157894737,3.5,3.625,3.875,4.25,4.105263157894737
440,3.8,3.9,4.0,3.5,4.0,3.625,3.0,3.8,3.7857142857142856,4.0,3.8,3.6666666666666665,3.8,3.8,4.0,4.166666666666667,4.125,3.9285714285714284,3.8,3.5
441,4.529411764705882,4.617647058823529,4.708333333333333,4.75,4.5,4.75,4.571428571428571,4.529411764705882,4.0,4.9,4.529411764705882,4.5,4.75,4.529411764705882,4.625,4.5,4.5625,4.571428571428571,2.5,4.529411764705882
442,1.3333333333333333,0.75,1.8333333333333333,1.25,2.0,2.0,0.5,1.3333333333333333,1.0,1.3333333333333333,1.3333333333333333,0.75,1.3333333333333333,1.3333333333333333,0.5,1.875,1.0,0.5,0.5,1.3333333333333333
443,4.083333333333333,3.4444444444444446,4.5625,4.0,4.0,4.666666666666667,3.8125,4.083333333333333,4.052631578947368,4.3,4.083333333333333,3.5,3.5,4.083333333333333,2.875,4.333333333333333,3.7222222222222223,3.8,4.75,4.083333333333333
444,3.8823529411764706,3.5454545454545454,2.6666666666666665,4.0,3.6666666666666665,4.0,4.0,3.8823529411764706,4.25,4.2,3.8823529411764706,4.0,4.0,4.0,4.5,4.333333333333333,3.25,3.9285714285714284,4.666666666666667,3.8823529411764706
445,3.828125,3.763157894736842,3.588235294117647,3.5,3.2,4.0588235294117645,3.6666666666666665,3.828125,3.8857142857142857,3.75,3.828125,3.6666666666666665,3.3,3.0,4.428571428571429,3.8,3.8636363636363638,3.8636363636363638,3.642857142857143,3.5
446,3.2,2.875,3.0,3.25,3.6,3.074074074074074,3.3333333333333335,3.2,3.28125,3.3333333333333335,3.2,2.0,3.3333333333333335,3.25,3.6666666666666665,3.2,2.8181818181818183,3.25,3.3333333333333335,3.0
447,3.8358208955223883,3.857142857142857,4.0625,4.0,3.909090909090909,3.625,4.066666666666666,3.8358208955223883,3.9285714285714284,4.375,3.8358208955223883,3.6666666666666665,4.0,4.0,3.0,3.8461538461538463,3.4285714285714284,3.8846153846153846,4.333333333333333,4.5
448,1.25,2.742393509127789,2.9423076923076925,3.3,3.0825242718446604,2.8983957219251337,2.9261603375527425,3.9,2.99375,2.80859375,3.6666666666666665,2.1551724137931036,2.7265625,3.2954545454545454,2.8780487804878048,2.7577319587628866,2.6305220883534135,2.7327823691460056,3.1805555555555554,3.4210526315789473
449,3.323529411764706,2.9375,2.7142857142857144,3.323529411764706,2.0,2.8666666666666667,3.75,4.5,3.78125,2.1666666666666665,3.323529411764706,2.5,3.323529411764706,3.323529411764706,3.625,2.7857142857142856,2.5,3.45,3.5,2.5
450,4.051282051282051,4.363636363636363,4.2,4.0,4.0,3.625,4.25,4.051282051282051,4.173913043478261,4.0,4.051282051282051,4.0,4.051282051282051,4.0,4.0,4.0,4.142857142857143,4.25,4.666666666666667,4.0
451,3.76,3.4,3.6666666666666665,4.5,4.333333333333333,3.75,4.25,3.76,4.25,3.5,3.76,5.0,3.76,4.0,4.5,3.5,3.2,3.642857142857143,3.76,3.76
452,4.562893081761007,4.545977011494253,4.438775510204081,4.5,5.0,4.7555555555555555,4.617647058823529,4.562893081761007,4.560975609756097,4.444444444444445,4.562893081761007,4.578947368421052,4.562893081761007,5.0,4.777777777777778,4.5625,4.362745098039215,4.553846153846154,5.0,4.0
453,3.9565217391304346,3.864864864864865,3.9166666666666665,4.888888888888889,4.666666666666667,4.188976377952756,3.9607843137254903,4.0,3.873684210526316,4.125,4.0,3.1666666666666665,4.5,4.666666666666667,3.25,4.078431372549019,4.129032258064516,3.675675675675676,4.0,4.666666666666667
454,3.7432432432432434,3.8,3.5,3.25,3.7432432432432434,4.0,3.7777777777777777,3.7432432432432434,3.75,3.3333333333333335,4.0,3.642857142857143,3.7432432432432434,3.7432432432432434,3.8076923076923075,4.125,3.75,3.75,3.0,3.7432432432432434
455,3.4782608695652173,3.0833333333333335,3.125,3.0,3.0,3.375,3.4,3.4782608695652173,3.8260869565217392,3.4,3.4782608695652173,5.0,3.0,3.0,3.5,3.769230769230769,2.75,3.4210526315789473,4.5,3.6666666666666665
456,4.0344827586206895,4.25,4.625,4.333333333333333,4.2,3.888888888888889,4.25,4.0344827586206895,3.9,4.0,4.0344827586206895,4.0,4.0344827586206895,4.0,3.6666666666666665,4.25,4.0,4.181818181818182,4.0344827586206895,4.0344827586206895
457,3.5,3.6315789473684212,3.8421052631578947,3.5,3.0,3.6666666666666665,4.0,3.5,3.6666666666666665,4.666666666666667,3.5,2.8,3.5,4.0,3.0,4.5,3.176470588235294,3.111111111111111,5.0,3.5
458,4.239130434782608,4.333333333333333,4.076923076923077,4.25,4.333333333333333,4.0588235294117645,4.428571428571429,4.239130434782608,4.2727272727272725,4.25,4.239130434782608,4.239130434782608,5.0,4.25,4.0,4.294117647058823,4.0,4.6875,4.666666666666667,3.0
459,4.361111111111111,4.35,4.363636363636363,4.416666666666667,4.25,4.3,4.5,4.361111111111111,4.7,4.5,4.361111111111111,4.361111111111111,4.166666666666667,4.361111111111111,4.666666666666667,5.0,4.25,4.5,4.5,4.361111111111111
460,4.2153846153846155,4.275,4.25,4.333333333333333,3.9545454545454546,4.088235294117647,4.269230769230769,4.2153846153846155,4.236111111111111,4.375,4.2153846153846155,4.25,4.333333333333333,4.5,4.3125,4.333333333333333,4.214285714285714,4.15,4.666666666666667,4.2153846153846155
461,2.8863636363636362,1.0,0.5,2.8863636363636362,2.8863636363636362,4.5,3.6,2.8863636363636362,3.588235294117647,4.0,2.8863636363636362,4.0,0.5,2.8863636363636362,4.0,4.3,0.5,1.6666666666666667,2.75,4.5
462,3.4248633879781423,2.8484848484848486,2.797872340425532,2.7142857142857144,2.388888888888889,3.2711864406779663,3.543859649122807,3.9245283018867925,3.4609375,3.22,4.0,3.3333333333333335,2.357142857142857,3.3,3.275,3.1097560975609757,2.895348837209302,3.08955223880597,3.7,3.5
463,3.7758620689655173,3.78125,4.055555555555555,3.5,3.5,3.375,4.0,3.7758620689655173,3.9,5.0,3.7758620689655173,3.6666666666666665,4.0,3.5,3.0,3.5,3.875,3.7857142857142856,3.75,3.7758620689655173
464,3.68018018018018,3.509259259259259,3.2976190476190474,2.375,3.0,3.12,4.195652173913044,3.68018018018018,4.208333333333333,2.9,5.0,3.25,3.5833333333333335,2.75,4.333333333333333,3.5555555555555554,3.390625,3.617021276595745,4.444444444444445,4.166666666666667
465,4.164835164835165,3.806451612903226,3.7777777777777777,4.0,4.0,4.428571428571429,4.285714285714286,4.164835164835165,4.195652173913044,4.0,4.4,4.714285714285714,4.164835164835165,4.0,4.176470588235294,4.357142857142857,3.823529411764706,4.037037037037037,4.555555555555555,4.333333333333333
466,3.9095744680851063,3.78125,3.8617021276595747,4.038461538461538,3.9,3.8333333333333335,3.5833333333333335,3.9095744680851063,4.0588235294117645,4.026315789473684,3.9095744680851063,4.25,3.9761904761904763,3.9095744680851063,4.083333333333333,3.8846153846153846,3.8181818181818183,3.8392857142857144,4.25,3.9095744680851063
467,3.5,3.0,2.0,2.0,2.0,4.25,1.0,3.5,3.857142857142857,3.5,3.5,1.0,3.5,2.0,3.5,3.6666666666666665,1.5,2.0,4.375,3.0
468,3.4782608695652173,3.0,3.7142857142857144,4.0,4.0,3.125,2.7777777777777777,3.4782608695652173,3.6,4.0,3.4782608695652173,3.4782608695652173,5.0,4.0,4.5,4.333333333333333,4.0,3.272727272727273,4.0,4.5
469,3.7270194986072425,3.3043478260869565,3.4651162790697674,3.3333333333333335,3.6923076923076925,3.687022900763359,4.035087719298246,1.0,4.0212765957446805,3.8275862068965516,4.333333333333333,3.5,3.7270194986072425,3.5454545454545454,3.90625,3.660377358490566,3.3902439024390243,3.594059405940594,4.388888888888889,4.222222222222222
470,3.4615384615384617,3.6666666666666665,3.6,3.5,3.6666666666666665,3.4782608695652173,3.25,3.4615384615384617,3.5714285714285716,3.8333333333333335,3.4615384615384617,3.0,3.3333333333333335,3.3333333333333335,3.0,3.8181818181818183,4.2,3.4074074074074074,3.75,4.0
471,3.9047619047619047,3.9444444444444446,3.642857142857143,3.6,3.6,3.8636363636363638,4.0,3.9047619047619047,4.0,4.125,3.9047619047619047,3.9047619047619047,3.75,3.5,4.0,3.9285714285714284,4.0,3.6666666666666665,3.9,3.9047619047619047
472,4.285714285714286,4.75,4.4,4.285714285714286,4.285714285714286,3.9166666666666665,5.0,4.285714285714286,4.45,3.75,4.285714285714286,3.0,5.0,4.285714285714286,5.0,3.5,4.0,4.5,4.285714285714286,4.285714285714286
473,3.482142857142857,4.0,3.1666666666666665,4.0,2.5,2.9545454545454546,4.5,3.5,3.8421052631578947,3.0714285714285716,3.482142857142857,4.0,3.482142857142857,3.482142857142857,4.0,3.4444444444444446,3.6,3.642857142857143,3.482142857142857,3.482142857142857
474,3.3947831184056274,3.18848167539267,3.4027149321266967,3.5307692307692307,3.2666666666666666,3.1911290322580643,3.466494845360825,3.6733333333333333,3.5408376963350787,3.236111111111111,3.689189189189189,3.051948051948052,3.892857142857143,3.4018691588785046,3.465217391304348,3.4633251833740832,3.434959349593496,3.4510489510489513,3.4833333333333334,3.1875
475,4.388888888888889,4.366666666666666,4.41875,4.190476190476191,4.261904761904762,4.358974358974359,4.2,4.388888888888889,4.527777777777778,4.583333333333333,4.388888888888889,4.5,4.275862068965517,4.666666666666667,4.833333333333333,4.45,4.344262295081967,4.34375,4.166666666666667,5.0
476,3.6785714285714284,3.5,3.6,4.0,3.9411764705882355,3.391304347826087,3.6,3.6785714285714284,3.7083333333333335,4.333333333333333,3.6785714285714284,3.6785714285714284,4.333333333333333,4.5,4.0,3.5714285714285716,4.0,3.642857142857143,4.5,3.0
477,3.745263157894737,3.721476510067114,3.748148148148148,3.9029850746268657,3.357142857142857,3.6176470588235294,3.988888888888889,4.285714285714286,3.9431818181818183,3.6136363636363638,4.25,3.460526315789474,4.075,3.21875,4.0256410256410255,3.790909090909091,3.8219178082191783,3.75,4.411764705882353,3.5
478,2.8333333333333335,3.0,3.2,3.25,3.25,2.6666666666666665,2.8333333333333335,2.8333333333333335,2.7142857142857144,3.25,2.8333333333333335,2.8333333333333335,2.8333333333333335,3.5,4.5,2.5,2.8333333333333335,2.8333333333333335,1.5,2.5
479,3.315068493150685,2.4444444444444446,2.92,3.25,2.9545454545454546,3.3950617283950617,3.3,3.0,3.7777777777777777,3.2666666666666666,3.315068493150685,2.6666666666666665,1.0,3.9166666666666665,2.857142857142857,3.4871794871794872,2.619047619047619,3.1,3.3333333333333335,3.5
480,3.295045045045045,3.05,3.289285714285714,3.2096774193548385,3.3421052631578947,3.134020618556701,3.371559633027523,3.3076923076923075,3.593425605536332,3.4066666666666667,3.6666666666666665,2.732142857142857,3.6363636363636362,3.5652173913043477,3.369565217391304,3.319327731092437,3.0568181818181817,3.1107594936708862,3.6621621621621623,2.8846153846153846
481,2.923076923076923,2.7777777777777777,3.0,2.923076923076923,3.0,2.4,3.1666666666666665,2.923076923076923,3.0833333333333335,2.923076923076923,5.0,2.0,2.923076923076923,2.923076923076923,3.0,3.8,2.75,2.8181818181818183,4.0,2.923076923076923
482,3.4322916666666665,3.744186046511628,3.857142857142857,2.375,3.625,3.158536585365854,3.85,3.4322916666666665,3.135135135135135,3.625,3.4322916666666665,3.625,4.25,4.0,3.3333333333333335,3.3095238095238093,3.8333333333333335,3.8392857142857144,1.0,3.0
483,3.630252100840336,3.480874316939891,3.617816091954023,3.8109756097560976,3.5064102564102564,3.604693140794224,3.864705882352941,3.75,3.8867924528301887,3.783333333333333,4.333333333333333,2.91025641025641,3.6911764705882355,3.4324324324324325,3.8617021276595747,3.687022900763359,3.4741379310344827,3.5541666666666667,3.7954545454545454,3.5
484,3.823529411764706,3.7714285714285714,3.8518518518518516,4.583333333333333,4.242424242424242,3.921259842519685,3.8875,4.5,3.760869565217391,4.035714285714286,3.25,3.0277777777777777,3.7777777777777777,4.615384615384615,3.5,3.84375,3.5,3.3555555555555556,4.125,3.823529411764706
485,3.888888888888889,4.0,3.4,3.888888888888889,3.888888888888889,3.75,4.6,3.888888888888889,4.111111111111111,3.888888888888889,3.888888888888889,3.0,5.0,3.888888888888889,3.888888888888889,4.666666666666667,3.0,4.666666666666667,4.333333333333333,5.0
486,3.9574468085106385,3.909090909090909,3.9,3.0,3.0,3.6666666666666665,4.133333333333334,3.9574468085106385,4.5,3.4,3.9574468085106385,4.0,3.9574468085106385,3.0,2.6666666666666665,4.0,3.727272727272727,4.12,5.0,4.0
487,3.1956521739130435,3.392857142857143,3.6,3.4285714285714284,3.4166666666666665,2.75,3.0833333333333335,3.1956521739130435,3.5,3.6875,3.1956521739130435,3.25,3.25,3.1956521739130435,3.1,3.227272727272727,3.7222222222222223,3.3636363636363638,4.333333333333333,3.1956521739130435
488,3.856382978723404,3.3125,4.380952380952381,4.214285714285714,4.0625,3.877551020408163,4.136363636363637,4.25,3.6444444444444444,4.055555555555555,3.0,4.166666666666667,4.333333333333333,3.75,3.5,3.7708333333333335,3.75,3.9285714285714284,3.6666666666666665,4.0
489,2.9830339321357284,2.7320261437908497,2.9292035398230087,3.5961538461538463,3.106060606060606,2.8394495412844036,3.0211267605633805,4.25,3.144230769230769,3.0933333333333333,3.1666666666666665,2.8026315789473686,3.22,3.759259259259259,3.0555555555555554,3.054838709677419,2.7974683544303796,2.765151515151515,3.289473684210526,2.4166666666666665
490,3.191860465116279,3.025,2.9,3.5,3.1666666666666665,2.6621621621621623,3.4375,3.191860465116279,3.5833333333333335,2.875,3.191860465116279,2.6666666666666665,3.1666666666666665,3.0,3.642857142857143,2.9375,3.3,3.611111111111111,3.6666666666666665,3.191860465116279
491,4.13,4.25,4.363636363636363,3.625,4.25,3.9878048780487805,4.25,4.13,4.1,4.25,4.13,4.13,5.0,4.13,5.0,4.088235294117647,4.0,4.13,4.5,4.13
492,3.83,4.178571428571429,3.95,3.6666666666666665,3.230769230769231,3.74468085106383,3.727272727272727,3.83,3.857142857142857,3.5714285714285716,3.83,4.333333333333333,3.83,3.25,3.6,3.3636363636363638,4.0,4.0285714285714285,5.0,3.83
493,3.5714285714285716,3.6923076923076925,3.588235294117647,3.5714285714285716,3.5714285714285716,3.7142857142857144,3.888888888888889,3.5714285714285716,3.5789473684210527,3.5,3.5714285714285716,2.4285714285714284,3.5714285714285716,3.5714285714285716,3.5714285714285716,4.0,3.5,3.2857142857142856,3.75,4.0
494,4.157894736842105,4.285714285714286,4.222222222222222,4.157894736842105,4.157894736842105,1.5,3.75,4.157894736842105,4.666666666666667,2.0,4.157894736842105,5.0,4.157894736842105,4.157894736842105,4.157894736842105,4.157894736842105,4.375,3.6666666666666665,4.333333333333333,4.157894736842105
495,4.02122641509434,3.910958904109589,3.6739130434782608,3.5,3.2,4.0,4.2555555555555555,3.75,4.2745098039215685,3.175,4.5,3.1875,4.0,4.333333333333333,4.375,4.111111111111111,3.8285714285714287,4.043103448275862,4.363636363636363,5.0
496,3.4444444444444446,3.2777777777777777,2.9166666666666665,2.625,3.0,2.75,4.5,3.4444444444444446,3.6923076923076925,3.8,3.4444444444444446,2.5,3.8333333333333335,3.8333333333333335,5.0,3.388888888888889,3.3,5.0,2.0,3.4444444444444446
497,3.6578947368421053,2.875,2.9,4.0,3.75,3.7222222222222223,3.85,3.6578947368421053,4.0,2.2,3.6578947368421053,4.0,3.6666666666666665,3.6578947368421053,2.75,3.9285714285714284,3.125,3.409090909090909,3.8333333333333335,3.6578947368421053
498,4.172413793103448,3.4444444444444446,3.909090909090909,5.0,4.333333333333333,4.333333333333333,4.0,4.172413793103448,4.416666666666667,4.172413793103448,4.172413793103448,4.172413793103448,5.0,5.0,5.0,4.666666666666667,3.0,4.090909090909091,5.0,3.0
499,3.7222222222222223,3.4,3.7,3.7222222222222223,3.5,3.0,3.5,3.7222222222222223,4.0,3.75,3.7222222222222223,3.8,3.7222222222222223,3.75,3.0,3.7222222222222223,2.3333333333333335,4.0,3.7222222222222223,4.333333333333333
500,3.3142857142857145,3.8333333333333335,3.6,3.736842105263158,3.8,3.2982456140350878,3.3333333333333335,3.3142857142857145,3.217391304347826,3.7142857142857144,3.3142857142857145,3.3333333333333335,3.5,3.5555555555555554,4.5,3.142857142857143,4.0,3.0,4.0,3.3142857142857145
501,3.210526315789474,3.3333333333333335,3.3846153846153846,3.3333333333333335,3.0,3.272727272727273,3.0,3.210526315789474,2.857142857142857,3.0,3.210526315789474,4.0,3.210526315789474,3.0,3.0,3.2857142857142856,3.6,3.357142857142857,3.0,3.210526315789474
502,3.2857142857142856,2.5,3.5,4.0,3.375,3.269230769230769,4.3,3.2857142857142856,3.0357142857142856,3.3333333333333335,3.2857142857142856,3.25,3.2857142857142856,4.0,0.5,1.875,3.9285714285714284,2.875,3.2857142857142856,5.0
503,3.3048780487804876,2.35,2.85,3.3,2.75,2.8,3.7941176470588234,3.5,3.5555555555555554,2.75,3.3048780487804876,3.3125,3.0,3.125,3.45,3.125,3.227272727272727,3.3636363636363638,3.3333333333333335,3.3048780487804876
504,3.7720588235294117,3.3,4.0625,4.166666666666667,3.7,3.710526315789474,4.0,3.6666666666666665,3.8815789473684212,3.7222222222222223,3.7720588235294117,3.7720588235294117,4.0,4.0,4.166666666666667,3.6333333333333333,3.75,3.8461538461538463,4.25,4.0
505,4.304347826086956,4.285714285714286,4.304347826086956,4.375,4.5,4.0,5.0,4.304347826086956,4.142857142857143,4.5,4.304347826086956,4.461538461538462,4.304347826086956,4.625,4.5,4.0,3.9285714285714284,4.611111111111111,4.304347826086956,4.304347826086956
506,3.3142857142857145,2.3333333333333335,2.3333333333333335,2.0,3.0,2.9375,3.5,3.5,3.5,2.875,3.3142857142857145,5.0,5.0,3.0,4.5,3.4375,4.25,3.6666666666666665,3.0,3.3142857142857145
507,3.2941176470588234,3.3333333333333335,3.0,3.0,3.0,3.5,3.0,3.2941176470588234,3.142857142857143,3.0,3.2941176470588234,3.0,3.0,3.0,3.2941176470588234,3.6666666666666665,3.0,3.6,3.3333333333333335,3.0
508,2.1363636363636362,1.75,2.7857142857142856,1.5,2.0,2.357142857142857,2.1363636363636362,2.1363636363636362,1.8888888888888888,1.6666666666666667,2.1363636363636362,1.75,2.1363636363636362,1.8333333333333333,2.1363636363636362,1.625,3.75,2.0,4.5,3.0
509,3.227272727272727,3.1354166666666665,3.2427536231884058,3.346590909090909,3.202970297029703,3.145714285714286,3.2419354838709675,3.227272727272727,3.3345864661654137,3.2857142857142856,3.5,2.8421052631578947,3.358974358974359,3.358974358974359,3.325,3.331578947368421,3.1953125,3.15,3.4166666666666665,3.5
510,2.9166666666666665,2.625,3.1666666666666665,3.5,3.1666666666666665,2.7714285714285714,3.0714285714285716,2.9166666666666665,2.9886363636363638,2.7142857142857144,4.0,2.3333333333333335,4.0,3.5,2.5416666666666665,2.7666666666666666,2.45,2.630434782608696,3.9,2.1666666666666665
511,4.0875,4.026315789473684,4.09375,4.0875,3.5,4.3,4.8,4.0875,4.166666666666667,4.0,4.0875,3.5,4.4,3.5,4.125,4.166666666666667,3.8823529411764706,3.923076923076923,5.0,4.0875
512,3.8095238095238093,3.8,3.4,3.6666666666666665,3.4,3.5,4.5,3.8095238095238093,3.736842105263158,3.4,3.8095238095238093,5.0,4.0,3.6666666666666665,4.4,3.888888888888889,3.6666666666666665,4.176470588235294,5.0,3.0
513,3.9,3.6875,3.5625,4.0,4.0,3.8333333333333335,4.5,3.9,4.3125,3.5,3.9,4.0,3.9,4.0,4.0,3.25,3.6666666666666665,4.0625,4.25,3.6666666666666665
514,4.0,3.3493150684931505,3.375,3.761904761904762,3.5689655172413794,3.4017857142857144,3.55,3.6,3.6486486486486487,3.223684210526316,4.0,2.6984126984126986,3.7222222222222223,3.6666666666666665,2.925,3.6025641025641026,3.2363636363636363,3.25,3.6666666666666665,3.9
515,4.9,4.9,5.0,4.9,4.9,5.0,4.833333333333333,4.9,5.0,4.9,4.9,4.5,5.0,4.9,4.625,5.0,5.0,4.75,5.0,4.9
516,3.7,4.0,4.0,5.0,5.0,3.5454545454545454,3.3333333333333335,3.7,3.875,4.0,3.7,3.7,3.7,3.7,3.7,3.6,4.0,4.0,3.25,3.0
517,1.75,1.7758620689655173,2.351063829787234,2.5185185185185186,2.632183908045977,2.24468085106383,2.121212121212121,2.5,2.437007874015748,2.7211538461538463,1.25,1.125,2.611111111111111,2.8536585365853657,2.0789473684210527,2.404109589041096,2.2758620689655173,1.7926829268292683,2.6470588235294117,2.375
518,3.5,3.7,3.3,4.0,4.0,4.5,4.0,3.5,3.2777777777777777,4.0,3.5,4.25,4.0,3.75,3.75,3.25,3.3333333333333335,4.0,2.5,3.5
519,4.261904761904762,4.333333333333333,3.75,4.261904761904762,4.261904761904762,4.0,4.611111111111111,4.261904761904762,4.6,4.261904761904762,4.261904761904762,4.261904761904762,4.0,4.261904761904762,5.0,3.857142857142857,4.0,4.75,4.261904761904762,4.261904761904762
520,3.858108108108108,3.83,3.894230769230769,4.222222222222222,4.2,3.9133333333333336,3.825,3.858108108108108,3.8372093023255816,4.2272727272727275,3.858108108108108,3.9444444444444446,3.1666666666666665,3.625,3.875,4.230769230769231,3.769230769230769,4.018518518518518,3.5,3.1666666666666665
521,3.466666666666667,3.4,3.5,4.0,4.0,3.3636363636363638,3.375,3.466666666666667,3.533333333333333,3.6666666666666665,3.466666666666667,3.466666666666667,3.466666666666667,4.0,3.25,3.6666666666666665,3.0,3.4545454545454546,3.466666666666667,3.466666666666667
522,3.909090909090909,4.0,3.904255319148936,3.5,2.125,3.7211538461538463,3.972972972972973,4.25,3.843283582089552,4.0,3.5,4.0,4.235294117647059,3.375,4.083333333333333,4.0,4.166666666666667,4.022222222222222,4.0625,5.0
523,4.660714285714286,4.7894736842105265,4.648148148148148,4.529411764705882,4.363636363636363,4.40625,4.9,4.660714285714286,4.6923076923076925,4.7105263157894735,4.660714285714286,5.0,4.9,5.0,5.0,4.722222222222222,4.555555555555555,4.7,4.75,4.660714285714286
524,3.392523364485981,3.4655172413793105,3.731707317073171,4.0,3.5,3.34375,2.764705882352941,3.392523364485981,3.5,4.0,3.392523364485981,2.75,5.0,3.5,2.75,3.4285714285714284,3.1818181818181817,3.4411764705882355,4.0,3.75
525,3.0,3.5619047619047617,3.536,3.375,3.3855421686746987,3.5906735751295336,3.8205128205128207,3.673076923076923,3.6433333333333335,3.5214285714285714,3.5,3.857142857142857,3.4,3.5849056603773586,3.8666666666666667,3.5688073394495414,3.515151515151515,3.606060606060606,3.7,4.0
526,4.16,4.0,4.1875,3.8333333333333335,3.8333333333333335,4.173913043478261,4.333333333333333,4.16,4.175675675675675,3.0,4.16,4.0,3.5,4.16,3.75,4.05,4.25,4.0,4.333333333333333,4.16
527,4.132352941176471,4.444444444444445,4.178082191780822,3.857142857142857,4.029411764705882,3.902439024390244,4.0,4.0,3.909090909090909,4.16,4.0,4.388888888888889,4.333333333333333,3.933333333333333,3.888888888888889,3.8,4.424242424242424,4.321428571428571,3.6,4.0
528,3.330188679245283,3.738095238095238,2.857142857142857,2.75,2.6666666666666665,2.35,3.611111111111111,4.5,3.4038461538461537,2.3333333333333335,4.0,4.0,3.3,3.330188679245283,2.75,2.125,3.25,4.0,3.8333333333333335,3.330188679245283
529,3.0,3.8333333333333335,3.375,3.0,3.0,2.5833333333333335,3.0,3.0,4.0,3.0,3.0,3.0,3.0,3.0,3.0,3.0,4.0,3.6,3.0,3.0
530,3.8333333333333335,3.5,3.6,3.8333333333333335,3.0,3.7777777777777777,4.0,3.8333333333333335,4.0,5.0,3.8333333333333335,4.0,4.0,3.8333333333333335,3.8333333333333335,3.7777777777777777,3.6666666666666665,3.9166666666666665,4.0,5.0
531,3.6315789473684212,3.75,3.9166666666666665,3.6315789473684212,3.0,2.5,4.5,3.6315789473684212,3.75,3.0,3.6315789473684212,3.0,3.6315789473684212,3.0,3.6315789473684212,3.0,3.75,4.333333333333333,3.6315789473684212,3.0
532,4.219512195121951,4.333333333333333,4.428571428571429,4.219512195121951,4.219512195121951,3.75,4.0,4.219512195121951,4.238095238095238,4.0,4.0,4.6,4.219512195121951,4.219512195121951,4.333333333333333,3.75,4.625,4.294117647058823,5.0,3.0
533,4.34375,4.35,4.4375,5.0,5.0,4.285714285714286,4.2,4.34375,4.2,5.0,4.34375,4.444444444444445,4.0,3.0,3.75,4.5,4.35,4.5,5.0,5.0
534,3.811163895486936,3.757383966244726,3.7195121951219514,3.888888888888889,3.865079365079365,3.8876404494382024,3.8627450980392157,3.811163895486936,3.8238636363636362,3.7880434782608696,4.5,4.166666666666667,3.546875,3.9705882352941178,3.8421052631578947,4.042553191489362,3.753787878787879,3.825,4.033333333333333,3.5833333333333335
535,2.6538461538461537,1.75,1.0,5.0,2.6538461538461537,2.625,2.0,2.6538461538461537,2.7,1.0,2.6538461538461537,3.0,2.6538461538461537,3.0,5.0,2.5555555555555554,4.0,1.75,2.6538461538461537,2.6538461538461537
536,3.4516129032258065,3.111111111111111,4.0,3.4516129032258065,3.4516129032258065,3.7777777777777777,2.8,3.4516129032258065,3.736842105263158,3.4516129032258065,3.4516129032258065,2.75,5.0,3.4516129032258065,3.4516129032258065,4.0,2.8,3.2222222222222223,5.0,3.0
537,4.115384615384615,4.035714285714286,4.4,4.115384615384615,4.115384615384615,3.7916666666666665,4.470588235294118,4.115384615384615,4.305555555555555,4.5625,4.115384615384615,4.115384615384615,3.857142857142857,4.115384615384615,4.5,2.8333333333333335,3.0,4.909090909090909,5.0,4.5
538,4.413793103448276,4.75,4.555555555555555,4.714285714285714,4.65,4.411764705882353,4.413793103448276,4.413793103448276,4.3,4.5,4.413793103448276,4.413793103448276,4.5,4.6923076923076925,4.0,4.3,5.0,4.413793103448276,2.5,4.5
539,3.7714285714285714,3.75,4.285714285714286,4.444444444444445,4.2727272727272725,3.767857142857143,3.625,3.7714285714285714,4.0,4.428571428571429,3.7714285714285714,4.25,4.5,3.5,3.7714285714285714,4.2,3.0,2.0,3.7714285714285714,3.7714285714285714
540,4.088235294117647,4.2631578947368425,3.9615384615384617,3.5,3.75,3.857142857142857,4.388888888888889,4.088235294117647,4.166666666666667,3.875,5.0,3.5,4.166666666666667,4.0,3.8333333333333335,3.5,4.409090909090909,3.9166666666666665,5.0,4.088235294117647
541,3.5303030303030303,3.4545454545454546,3.5714285714285716,3.6666666666666665,3.1818181818181817,3.2,3.7,3.5303030303030303,4.0,3.0,3.5303030303030303,3.6,3.0,3.4,3.8,3.727272727272727,3.2222222222222223,3.8095238095238093,5.0,3.5
542,3.4782608695652173,3.3,3.7045454545454546,4.15,3.9615384615384617,3.393617021276596,3.361111111111111,2.5,3.6724137931034484,3.6785714285714284,3.4782608695652173,2.9,2.25,4.583333333333333,3.8333333333333335,4.107142857142857,3.8,3.4444444444444446,5.0,3.5
543,4.418181818181818,4.7,5.0,5.0,5.0,4.3088235294117645,4.846153846153846,4.418181818181818,4.111111111111111,5.0,4.418181818181818,5.0,5.0,5.0,4.333333333333333,4.0,4.875,5.0,3.0,4.0
544,4.3125,4.0,4.0,3.0,3.0,4.333333333333333,4.3125,5.0,5.0,3.0,4.3125,4.3125,4.3125,4.3125,3.5,4.0,4.0,3.8333333333333335,4.3125,4.3125
545,3.264705882352941,3.3,2.875,3.264705882352941,3.5,3.0,4.25,3.264705882352941,2.875,2.5,3.264705882352941,3.0,3.5,3.264705882352941,3.0,2.8333333333333335,3.6666666666666665,3.75,3.75,2.5
546,3.450980392156863,3.5714285714285716,3.2,2.0,2.5,3.6,3.1666666666666665,3.450980392156863,3.0,4.0,3.450980392156863,3.6842105263157894,3.450980392156863,2.0,2.6666666666666665,3.75,3.0,3.4285714285714284,2.0,3.450980392156863
547,3.933333333333333,3.6666666666666665,3.933333333333333,3.933333333333333,3.933333333333333,4.666666666666667,3.0,3.5,3.6666666666666665,5.0,3.933333333333333,3.933333333333333,3.933333333333333,3.0,4.0,4.0,5.0,4.0,2.6666666666666665,3.933333333333333
548,4.0,3.888888888888889,3.9,4.0,4.0,3.7857142857142856,4.125,3.5,4.055555555555555,4.0,4.0,4.0,4.0,4.0,3.5,3.0,3.625,4.875,4.0,4.0
549,3.5625,3.75,2.6,3.5625,1.0,3.5625,4.571428571428571,3.5625,4.0,2.25,3.5625,3.5625,4.5,3.5625,5.0,3.5625,3.0,4.833333333333333,2.0,3.5625
550,4.25,4.25,4.178571428571429,3.875,4.166666666666667,4.166666666666667,4.25,4.25,4.2727272727272725,4.0,4.25,4.25,4.5,4.25,5.0,4.0,4.428571428571429,4.285714285714286,4.0,4.25
551,3.707920792079208,3.7131147540983607,3.4767441860465116,3.9,4.3,3.90625,3.9,4.0,3.7804878048780486,2.9615384615384617,4.0,4.166666666666667,3.772727272727273,3.707920792079208,3.95,4.1,3.5892857142857144,3.7790697674418605,4.15,3.707920792079208
552,3.1324503311258276,2.8877551020408165,3.046511627906977,3.25,2.78125,3.2246376811594204,3.3,3.1324503311258276,3.3461538461538463,2.9523809523809526,3.25,2.95,4.0,3.727272727272727,3.15,3.1785714285714284,3.173076923076923,3.15625,3.5,3.1324503311258276
553,4.333333333333333,4.285714285714286,3.9285714285714284,4.333333333333333,4.333333333333333,4.0,4.4375,4.75,4.388888888888889,4.0,4.0,4.333333333333333,4.333333333333333,4.333333333333333,4.2,3.888888888888889,4.666666666666667,4.416666666666667,4.0,4.333333333333333
554,4.027397260273973,3.6,3.6153846153846154,3.727272727272727,4.066666666666666,3.7037037037037037,5.0,4.027397260273973,4.138888888888889,3.642857142857143,4.027397260273973,3.5,3.5,4.0,3.5,4.318181818181818,4.25,4.857142857142857,4.333333333333333,3.0
555,3.4334038054968286,3.336206896551724,3.5301204819277108,4.0,3.875,3.5042735042735043,3.62,3.0,3.590909090909091,3.4857142857142858,3.0,2.8676470588235294,3.4334038054968286,3.4545454545454546,3.6,3.4805194805194803,3.230769230769231,3.3297872340425534,3.7857142857142856,3.3
556,4.134615384615385,4.2,4.2272727272727275,5.0,4.75,4.5,4.134615384615385,4.134615384615385,3.75,4.071428571428571,4.134615384615385,4.0,4.1,5.0,4.0,3.5,4.25,3.5,4.134615384615385,4.134615384615385
557,3.8,3.730769230769231,3.875,3.5,4.333333333333333,3.4166666666666665,4.75,3.8,3.9166666666666665,4.625,3.8,4.5,4.5,0.5,5.0,4.0,3.25,4.7,3.75,3.8
558,3.975609756097561,4.166666666666667,4.090909090909091,4.333333333333333,4.5,4.153846153846154,3.8,3.975609756097561,3.9523809523809526,3.909090909090909,3.975609756097561,3.25,3.975609756097561,5.0,4.25,4.0,4.0,3.7777777777777777,4.5,3.975609756097561
559,3.252173913043478,3.3,3.5,3.888888888888889,3.3529411764705883,3.0588235294117645,3.2,3.252173913043478,3.4516129032258065,3.5,3.252173913043478,3.2,3.5,3.625,2.75,3.2777777777777777,3.4444444444444446,3.2285714285714286,3.25,3.0
560,4.0,3.627906976744186,3.481707317073171,3.5535714285714284,3.235294117647059,3.518796992481203,3.8142857142857145,3.5,3.6445086705202314,3.590909090909091,4.5,3.676470588235294,3.477272727272727,3.5833333333333335,3.7083333333333335,3.4285714285714284,3.56,3.7009345794392523,3.7142857142857144,3.3333333333333335
561,3.404645476772616,3.3704663212435233,3.3333333333333335,3.04,3.15625,3.390728476821192,3.4675324675324677,3.404645476772616,3.533582089552239,3.3813559322033897,3.8333333333333335,3.513888888888889,2.8823529411764706,3.5714285714285716,3.5357142857142856,3.409090909090909,3.289473684210526,3.24,3.8392857142857144,3.5
562,4.086842105263158,3.9358974358974357,3.8833333333333333,4.3,3.966666666666667,4.132352941176471,4.181818181818182,4.0,4.239130434782608,4.027777777777778,3.75,4.051020408163265,3.6666666666666665,4.0,3.90625,4.211111111111111,3.9814814814814814,4.081967213114754,4.5,3.25
563,3.309941520467836,3.65,3.0576923076923075,3.75,3.4464285714285716,3.2544642857142856,3.7,3.309941520467836,3.3680555555555554,3.2083333333333335,3.309941520467836,3.3,3.25,3.8947368421052633,3.5,3.272277227722772,3.4375,3.1875,3.75,3.309941520467836
564,3.6416666666666666,3.3333333333333335,3.5,3.6416666666666666,2.1666666666666665,3.727272727272727,3.642857142857143,3.6416666666666666,3.433333333333333,2.75,3.6416666666666666,3.6416666666666666,2.0,3.5,3.2,3.4857142857142858,3.5,3.3636363636363638,3.0,4.0
565,3.7083333333333335,3.125,3.4,3.7083333333333335,4.0,3.3,3.375,3.7083333333333335,4.222222222222222,3.0,3.7083333333333335,3.7083333333333335,3.0,3.7083333333333335,5.0,3.8,5.0,3.9,4.5,5.0
566,3.533333333333333,3.1176470588235294,3.0,2.0,2.6666666666666665,3.56,3.6666666666666665,3.533333333333333,3.814814814814815,3.2,3.533333333333333,3.533333333333333,3.0,2.0,4.5,4.0,3.125,3.5294117647058822,4.6,3.0
567,2.6666666666666665,1.9098360655737705,2.036,2.3482142857142856,2.2333333333333334,2.2746478873239435,1.82,2.5,2.5833333333333335,2.0625,2.219269102990033,2.3666666666666667,1.8557692307692308,1.625,2.7857142857142856,2.5681818181818183,2.0588235294117645,2.3545454545454545,2.5,3.125
568,4.235294117647059,4.235294117647059,3.5,4.235294117647059,2.75,3.888888888888889,4.833333333333333,4.235294117647059,4.318181818181818,3.5,4.235294117647059,5.0,4.235294117647059,5.0,5.0,4.5,3.5,4.625,5.0,4.235294117647059
569,4.0,4.166666666666667,4.166666666666667,4.0,4.0,4.0,4.142857142857143,4.0,4.2,4.0,4.0,4.0,4.0,4.0,3.0,3.0,5.0,4.0,3.0,4.0
570,3.4355828220858897,3.4603174603174605,3.4454545454545453,3.5833333333333335,3.2916666666666665,3.1666666666666665,3.4444444444444446,3.4355828220858897,3.5833333333333335,3.238095238095238,3.4355828220858897,3.2916666666666665,3.625,3.5,3.5277777777777777,3.5535714285714284,3.54,3.5377358490566038,3.5625,3.0
571,2.604651162790698,2.8333333333333335,3.3333333333333335,4.0,2.604651162790698,3.076923076923077,2.604651162790698,2.604651162790698,3.6666666666666665,3.125,1.0,2.5128205128205128,2.604651162790698,3.0,3.111111111111111,3.3333333333333335,2.6666666666666665,2.857142857142857,2.604651162790698,2.604651162790698
572,4.217054263565892,3.857142857142857,4.0,4.0,4.4,4.088888888888889,4.6,4.217054263565892,4.3283582089552235,4.0,5.0,4.333333333333333,4.0,2.6666666666666665,4.416666666666667,4.135135135135135,3.8461538461538463,4.083333333333333,4.5,4.6
573,4.234177215189874,4.168141592920354,4.132183908045977,4.386363636363637,4.478260869565218,4.38,4.3061224489795915,4.25,4.176470588235294,4.344827586206897,4.25,4.2727272727272725,4.239130434782608,4.0625,4.613636363636363,4.0,4.0636363636363635,4.2023809523809526,4.3125,3.5
574,4.0,3.75,4.2,4.0,3.0,3.8333333333333335,4.0,4.0,4.0,3.0,4.0,5.0,4.0,4.0,4.0,4.0,4.0,3.857142857142857,4.0,4.0
575,2.892857142857143,3.6666666666666665,3.0,1.0,1.0,3.0555555555555554,3.6666666666666665,1.0,3.4444444444444446,4.0,2.892857142857143,2.25,2.892857142857143,2.892857142857143,3.0,2.8,4.0,3.6,3.0,2.892857142857143
576,3.2,3.1,3.5,3.5,4.0,3.5625,4.75,3.2,3.1,3.625,3.2,3.125,3.2,3.2,3.5,3.0,3.2,3.625,3.2,3.2
577,3.5813953488372094,3.6166666666666667,3.63265306122449,4.0,3.25,3.4074074074074074,3.625,3.5813953488372094,3.701492537313433,3.3333333333333335,3.5813953488372094,2.857142857142857,3.5813953488372094,2.6666666666666665,4.0,3.65,3.323529411764706,3.4,4.111111111111111,3.75
578,3.92,3.3333333333333335,5.0,3.92,3.5,3.9,5.0,3.92,4.117647058823529,3.3333333333333335,3.92,1.8333333333333333,3.92,3.92,5.0,4.291666666666667,3.92,3.0,3.92,3.92
579,4.037037037037037,4.071428571428571,4.083333333333333,3.769230769230769,3.7333333333333334,3.9130434782608696,3.5,4.037037037037037,4.37037037037037,3.4,4.037037037037037,3.5,5.0,3.6,4.0,4.277777777777778,4.0,4.545454545454546,4.75,4.037037037037037
580,3.4822485207100593,3.6796875,3.5260416666666665,3.3,3.1944444444444446,3.289156626506024,3.6971830985915495,2.6666666666666665,3.4387096774193546,3.566666666666667,2.5,3.739130434782609,4.0,2.875,3.676470588235294,3.45,3.644230769230769,3.773109243697479,3.4473684210526314,3.227272727272727
581,4.409090909090909,4.25,4.458333333333333,4.333333333333333,4.5,4.333333333333333,4.75,4.409090909090909,4.447368421052632,4.444444444444445,4.409090909090909,4.5,4.5,4.409090909090909,4.5,4.3125,4.277777777777778,4.0,4.6,4.409090909090909
582,4.0,4.02,4.166666666666667,3.875,4.0,3.8,4.071428571428571,4.0,3.9722222222222223,4.375,4.0,4.0,4.325,4.0,4.083333333333333,3.75,3.861111111111111,3.8823529411764706,3.8333333333333335,4.5
583,3.24468085106383,3.24468085106383,3.1666666666666665,3.3125,3.3333333333333335,3.3289473684210527,3.1,3.24468085106383,3.230769230769231,3.3333333333333335,3.24468085106383,2.75,4.0,3.3125,3.24468085106383,3.4166666666666665,3.24468085106383,3.25,4.0,3.24468085106383
584,4.0,4.090909090909091,4.357142857142857,4.75,4.5,3.642857142857143,3.3636363636363638,4.0,4.25,4.166666666666667,4.0,3.75,5.0,4.666666666666667,4.8,4.285714285714286,4.1,4.304347826086956,5.0,4.0
585,4.362745098039215,4.214285714285714,4.25,4.0,5.0,4.423076923076923,4.444444444444445,4.5,4.375,4.0,4.0,4.362745098039215,4.0,4.362745098039215,4.285714285714286,4.5,3.0,4.352941176470588,4.5,4.362745098039215
586,5.0,4.435483870967742,4.483695652173913,4.609756097560975,4.488888888888889,4.5,4.2894736842105265,4.37125748502994,4.0125,4.548780487804878,4.37125748502994,4.0,4.388888888888889,4.5,3.8125,4.111111111111111,4.4,4.2375,3.9285714285714284,4.333333333333333
587,3.925925925925926,4.1,4.0476190476190474,4.5,3.875,3.795698924731183,4.214285714285714,3.925925925925926,4.203125,3.727272727272727,3.5,3.0,3.925925925925926,3.5714285714285716,4.0,4.086956521739131,4.176470588235294,4.071428571428571,3.7142857142857144,4.25
588,3.302325581395349,2.875,2.857142857142857,3.0,3.0,3.090909090909091,3.3125,3.302325581395349,3.4583333333333335,1.0,3.302325581395349,4.0,3.0,3.0,3.5,3.0,2.75,3.473684210526316,4.0,3.0
589,3.967741935483871,3.3333333333333335,3.6666666666666665,3.967741935483871,3.0,3.888888888888889,4.333333333333333,5.0,4.05,4.5,3.967741935483871,5.0,4.0,3.967741935483871,3.0,4.5,4.0,4.090909090909091,5.0,5.0
590,3.350253807106599,3.2436548223350252,3.254777070063694,3.75,3.3421052631578947,3.0342465753424657,3.5714285714285716,3.75,3.683467741935484,3.2796610169491527,3.8666666666666667,3.1184210526315788,3.5277777777777777,3.7758620689655173,3.4019607843137254,3.415,3.1777777777777776,3.2680722891566263,3.948717948717949,3.825
591,3.3333333333333335,3.9285714285714284,4.25,3.5,3.6666666666666665,3.6666666666666665,3.0,3.3333333333333335,3.0869565217391304,3.3333333333333335,3.3333333333333335,2.8,3.3333333333333335,3.0,3.75,3.125,3.6363636363636362,2.6923076923076925,4.0,5.0
592,3.6842105263157894,3.966666666666667,3.9565217391304346,3.6,3.625,3.5161290322580645,3.857142857142857,3.6842105263157894,4.136363636363637,3.3,3.6842105263157894,3.25,5.0,3.5,4.0,4.1,3.923076923076923,3.7777777777777777,4.666666666666667,4.0
593,3.2777777777777777,2.975,3.0,3.0,2.8125,2.9444444444444446,3.769230769230769,3.2777777777777777,3.763157894736842,2.9,3.2777777777777777,4.0,3.3333333333333335,3.5,3.5,3.35,3.0625,3.409090909090909,3.3,3.2777777777777777
594,4.008474576271187,4.348484848484849,4.25,4.5,4.25,4.164285714285715,4.1875,4.008474576271187,3.7573529411764706,3.25,4.008474576271187,1.8125,4.5,4.357142857142857,2.7142857142857144,4.485714285714286,4.296296296296297,3.697674418604651,3.5833333333333335,4.0
595,4.117647058823529,4.0,4.333333333333333,4.5,4.5,3.8333333333333335,4.0,4.117647058823529,4.285714285714286,5.0,4.117647058823529,4.117647058823529,4.117647058823529,4.0,4.0,4.0,4.5,4.25,4.117647058823529,4.117647058823529
596,3.5059171597633134,3.407051282051282,3.5396825396825395,3.973684210526316,3.776315789473684,3.4619565217391304,3.375,4.25,3.5657894736842106,3.4926470588235294,4.0,3.638888888888889,3.513888888888889,3.71875,3.742424242424242,3.5686274509803924,3.5401785714285716,3.4875,3.357142857142857,2.25
597,3.9545454545454546,3.4375,3.69811320754717,4.25,4.454545454545454,3.994219653179191,3.8688524590163933,5.0,4.0375,3.8,4.142857142857143,4.357142857142857,3.9545454545454546,3.9285714285714284,3.966666666666667,3.8181818181818183,3.72,3.6436781609195403,4.588235294117647,4.25
598,3.5294117647058822,4.125,3.5,1.0,1.0,3.3125,3.375,3.5294117647058822,4.833333333333333,2.8333333333333335,3.5294117647058822,0.5,5.0,1.0,3.3333333333333335,3.388888888888889,5.0,2.9,3.5294117647058822,3.5294117647058822
599,3.1666666666666665,2.7359271523178808,2.7430939226519335,2.9051094890510947,2.45,2.4288461538461537,2.8299418604651163,3.0232558139534884,2.8454773869346734,2.628640776699029,3.28,2.372611464968153,2.925531914893617,2.69811320754717,2.769230769230769,2.6946308724832213,2.7848837209302326,2.7243186582809225,2.9097222222222223,2.6666666666666665
600,2.984873949579832,2.618811881188119,3.0655737704918034,3.1666666666666665,2.913978494623656,3.0434782608695654,2.9262295081967213,3.8636363636363638,2.934156378600823,3.42,3.0,2.8627450980392157,2.55,3.3653846153846154,2.787878787878788,3.007751937984496,2.923076923076923,2.7254901960784315,2.588235294117647,3.6666666666666665
601,4.424657534246576,4.4,4.425925925925926,4.555555555555555,4.555555555555555,4.285714285714286,4.642857142857143,4.0,4.445945945945946,4.55,4.424657534246576,4.5,4.5,4.424657534246576,4.666666666666667,4.384615384615385,4.266666666666667,4.45,4.666666666666667,4.0
602,3.4571428571428573,3.5294117647058822,3.2,4.0,2.857142857142857,3.3666666666666667,3.8095238095238093,3.0,3.3207547169811322,3.7142857142857144,3.5,4.0,4.0,4.0,3.5,3.380952380952381,3.230769230769231,3.731707317073171,4.0,2.8
603,3.498049414824447,3.16793893129771,3.0681818181818183,2.6666666666666665,3.142857142857143,3.3163636363636364,3.719298245614035,3.8333333333333335,3.616822429906542,3.473684210526316,4.0,3.4242424242424243,3.498049414824447,3.5925925925925926,3.5483870967741935,3.4502923976608186,3.2686567164179103,3.5031055900621118,3.576923076923077,3.875
604,3.475,3.6153846153846154,3.6923076923076925,3.6,3.7,3.227272727272727,3.6666666666666665,3.475,3.4571428571428573,3.4444444444444446,3.475,3.611111111111111,4.0,3.5,4.0,3.0833333333333335,3.5454545454545454,3.6538461538461537,3.0,3.5
605,3.1906077348066297,3.194915254237288,3.2282608695652173,2.9318181818181817,3.239130434782609,3.2285714285714286,3.142857142857143,3.0,3.11,3.130630630630631,3.1906077348066297,2.857142857142857,3.6666666666666665,3.0681818181818183,3.2,3.260869565217391,3.2954545454545454,2.973684210526316,2.75,3.3333333333333335
606,3.6570021881838075,3.252,3.5204918032786887,3.7941176470588234,3.45,3.569364161849711,3.6682242990654204,4.0,3.7881205673758864,3.642857142857143,3.7142857142857144,3.391304347826087,3.107142857142857,3.7435897435897436,3.7960526315789473,3.7222222222222223,3.607142857142857,3.5059171597633134,3.77,3.4545454545454546
607,3.7448275862068967,3.7037037037037037,3.4545454545454546,3.0,3.3076923076923075,3.3333333333333335,3.9,3.7448275862068967,3.9857142857142858,3.533333333333333,3.7448275862068967,4.066666666666666,5.0,3.0,4.714285714285714,3.4615384615384617,3.076923076923077,4.085106382978723,4.0,4.0
608,3.117820324005891,3.267094017094017,3.2077464788732395,3.0609756097560976,2.3805970149253732,2.7296819787985864,3.58984375,2.875,3.4229074889867843,3.0054945054945055,3.3333333333333335,3.348101265822785,4.166666666666667,2.7,3.566666666666667,2.9583333333333335,3.1814814814814816,3.4977064220183487,3.53125,2.6875
609,3.2903225806451615,3.1,3.2222222222222223,3.0,3.0,3.3333333333333335,3.4,3.0,3.4375,3.0,3.2903225806451615,3.5,3.0,3.2903225806451615,3.2903225806451615,3.25,3.0,3.230769230769231,3.5,4.0
610,3.6834291187739465,3.611111111111111,3.7152777777777777,3.9166666666666665,3.688888888888889,3.74685534591195,3.804147465437788,4.2,3.881720430107527,3.581967213114754,4.166666666666667,3.497967479674797,3.629032258064516,4.0,3.7552083333333335,3.7055555555555557,3.6363636363636362,3.5611510791366907,3.77027027027027,3.74
